code, e1, e2, p1, p2, form, area, level, buildyear,tenure,agehr,children,fuelpov, extract, trickle, horizon
H0011103,166.5125264577,114.4423365159,13.0471032872,6.5235516436,ConvertedFlat,10,2,CatA,PrivateRented,CatD,FALSE,FALSE,FALSE,FALSE,42
H0011104,448.8265685103,386.6676277293,17.9648706151,14.6044092943,SemiDetached,10,4,CatC,RSL,CatC,TRUE,FALSE,FALSE,FALSE,42
H0011110,213.8118611088,187.8775579642,14.2728909659,8.1618871332,MidTerrace,10,4,CatF,RSL,CatA,FALSE,FALSE,TRUE,TRUE,42
H0011201,360.5077386954,185.142337555,10.350766843,3.9332914003,Detached,10,1,CatA,RSL,CatE,FALSE,FALSE,FALSE,FALSE,42
H0011202,366.5694653065,251.2783162203,23.9686634293,17.1026439454,MidTerrace,10,4,CatA,PrivateRented,CatC,TRUE,FALSE,FALSE,FALSE,42
H0011206,259.5751100314,155.8221243185,11.0600953345,6.7432796139,SemiDetached,10,4,CatE,OwnerOccupied,CatF,FALSE,FALSE,FALSE,FALSE,42
H0011211,789.9539718908,335.5002185262,19.8233213139,10.8384473643,MidTerrace,10,4,CatA,OwnerOccupied,CatA,FALSE,TRUE,FALSE,FALSE,42
H0011302,649.1782875542,299.0164337081,11.5583209677,7.1954768703,SemiDetached,10,4,CatA,OwnerOccupied,CatE,FALSE,FALSE,TRUE,FALSE,42
H0011307,189.2356064058,100.1313297739,16.9567565273,10.6594210532,Bungalow,10,2,CatF,RSL,CatF,FALSE,FALSE,TRUE,TRUE,42
H0011308,153.6563050027,89.2787716594,14.2379128213,6.6546462018,Bungalow,10,2,CatA,PrivateRented,CatC,FALSE,FALSE,FALSE,FALSE,42
H0011403,320.351915919,346.2177654487,12.156298074,12.156298074,SemiDetached,10,4,CatD,OwnerOccupied,CatF,FALSE,FALSE,FALSE,FALSE,42
H0012103,477.3218196791,277.8504490639,15.6815504304,10.3124249266,EndTerrace,10,4,CatC,RSL,CatC,TRUE,FALSE,FALSE,FALSE,42
H0012105,396.7010350768,348.8362873438,12.6253178897,12.6253178897,MidTerrace,10,4,CatD,OwnerOccupied,CatE,FALSE,FALSE,FALSE,FALSE,42
H0012111,371.2540913877,273.4284691366,14.8625598195,14.8625598195,EndTerrace,10,4,CatD,OwnerOccupied,CatD,TRUE,FALSE,FALSE,FALSE,42
H0012206,556.4841173616,365.6332129105,12.0262171324,7.5094970224,Detached,10,4,CatB,PrivateRented,CatA,TRUE,FALSE,FALSE,FALSE,42
H0012301,268.3349300362,235.5736877556,11.179586388,4.3940009497,Detached,10,4,CatE,OwnerOccupied,CatF,FALSE,FALSE,FALSE,FALSE,42
H0012303,297.159704946,311.112173322,12.8070964812,12.8070964812,EndTerrace,10,4,CatD,OwnerOccupied,CatD,FALSE,TRUE,TRUE,FALSE,42
H0012307,885.6329167355,584.5160877018,17.0452699705,12.273038938,Detached,10,4,CatE,OwnerOccupied,CatC,TRUE,FALSE,FALSE,FALSE,42
H0012312,291.5541634905,258.2731713179,16.0598536665,16.0598536665,MidTerrace,10,4,CatD,LocalAuthority,CatD,TRUE,FALSE,TRUE,FALSE,42
H0012401,358.5278296071,352.0243936186,16.3125897851,14.4755588839,MidTerrace,10,4,CatC,LocalAuthority,CatC,TRUE,FALSE,FALSE,FALSE,42
H0012402,668.5744088959,362.5967174857,14.9840780902,8.6676355799,ConvertedFlat,10,2,CatA,PrivateRented,CatB,FALSE,FALSE,TRUE,FALSE,42
H0012404,416.5536212814,345.3053865165,11.2296444616,9.8688673928,Detached,10,4,CatD,OwnerOccupied,CatE,FALSE,FALSE,FALSE,FALSE,42
H0012406,319.2034748066,294.8803234879,30,20.0784154488,ConvertedFlat,10,1,CatA,OwnerOccupied,CatC,FALSE,FALSE,FALSE,FALSE,42
H0012408,657.349911315,412.5679446356,16.3158031955,4.4745613946,SemiDetached,10,4,CatB,OwnerOccupied,CatD,FALSE,FALSE,FALSE,FALSE,42
H0012409,312.6111052645,215.40382414,14.0664958718,5.3452684313,Bungalow,10,1,CatB,LocalAuthority,CatC,FALSE,FALSE,FALSE,FALSE,42
H0013209,784.7636018702,342.0124741325,15.8486922427,10.229832488,Detached,10,4,CatD,OwnerOccupied,CatF,FALSE,FALSE,FALSE,FALSE,42
H0013305,714.4091070873,587.5602359794,11.565481404,10.1396813468,Detached,10,4,CatD,OwnerOccupied,CatF,FALSE,FALSE,FALSE,FALSE,42
H0013307,665.8589933006,395.3007833402,13.6735931838,9.9778265391,Detached,10,4,CatF,OwnerOccupied,CatE,FALSE,FALSE,TRUE,TRUE,42
H0013406,476.9087667724,378.8761238103,10.3681605281,4.7396383953,SemiDetached,10,4,CatC,OwnerOccupied,CatF,FALSE,FALSE,FALSE,FALSE,42
H0013409,952.5718992284,370.7501630114,21.5400937169,10.8998427993,SemiDetached,10,4,CatA,OwnerOccupied,CatF,FALSE,TRUE,FALSE,FALSE,42
H0013411,1026.5966868408,425.9682852924,18.9704611841,12.7555087069,Detached,10,4,CatF,OwnerOccupied,CatD,FALSE,FALSE,TRUE,TRUE,42
H0014103,721.9799910752,404.0805429572,17.4431923672,12.0428819153,SemiDetached,10,4,CatB,OwnerOccupied,CatD,TRUE,TRUE,FALSE,FALSE,42
H0014104,265.5338225113,252.2364807855,10.4338851002,5.9387614889,Detached,10,4,CatD,PrivateRented,CatF,FALSE,TRUE,FALSE,FALSE,42
H0014106,222.5623093202,123.3525067087,7.454627837,3,Bungalow,10,1,CatC,RSL,CatD,FALSE,FALSE,FALSE,FALSE,42
H0014205,1096.3705490638,954.1411468273,18.99400122,16.7318811135,Detached,10,4,CatB,OwnerOccupied,CatE,FALSE,FALSE,FALSE,FALSE,42
H0014303,594.9516386424,447.637348513,14.2760653334,9.3019792377,MidTerrace,10,4,CatC,PrivateRented,CatC,FALSE,FALSE,FALSE,FALSE,42
H0014308,296.6552752914,296.6552752914,15.280182061,15.280182061,EndTerrace,10,4,CatF,PrivateRented,CatB,TRUE,FALSE,TRUE,TRUE,42
H0014409,214.9387178075,184.6232608417,9.5095358024,4.7926741964,Bungalow,10,2,CatE,RSL,CatF,FALSE,FALSE,TRUE,FALSE,42
H0014411,370.6833142153,188.278318069,17.4085102929,9.2494757713,SemiDetached,10,4,CatA,PrivateRented,CatE,FALSE,FALSE,FALSE,FALSE,42
H0021102,351.9996408777,232.1345694078,13.4952075872,8.0579560655,ConvertedFlat,10,1,CatA,OwnerOccupied,CatB,TRUE,FALSE,FALSE,FALSE,42
H0021109,235.2759476156,198.3401536889,13.5480609958,13.5480609958,MidTerrace,10,4,CatE,RSL,CatC,TRUE,TRUE,FALSE,FALSE,42
H0021202,459.2364250119,339.5145391214,11.7721610378,11.7721610378,Detached,10,4,CatC,OwnerOccupied,CatF,FALSE,TRUE,FALSE,FALSE,42
H0021210,416.3108214983,303.3936661595,10.8400335665,6.1220783556,SemiDetached,10,4,CatE,OwnerOccupied,CatB,TRUE,FALSE,FALSE,FALSE,42
H0021304,415.787472781,371.940830512,14.6215541747,11.0343193478,SemiDetached,10,4,CatE,OwnerOccupied,CatE,FALSE,FALSE,FALSE,FALSE,42
H0021311,407.8675828012,419.2295690662,9.433392308,5.7244152726,Detached,10,4,CatD,OwnerOccupied,CatE,FALSE,TRUE,FALSE,FALSE,42
H0021404,279.2432851916,299.0734027315,10.02782933,10.02782933,SemiDetached,10,4,CatD,PrivateRented,CatF,FALSE,FALSE,FALSE,FALSE,42
H0021405,654.2464845802,363.2566926452,21.1961226737,13.9718980175,Detached,10,4,CatA,OwnerOccupied,CatF,FALSE,FALSE,TRUE,FALSE,42
H0021411,247.3563012485,239.3357183197,15.9618664197,9.9770019408,MidTerrace,10,4,CatC,LocalAuthority,CatD,TRUE,TRUE,FALSE,FALSE,42
H0022203,648.819924072,406.1595421819,15.3989271945,10.0485657182,SemiDetached,10,4,CatC,OwnerOccupied,CatE,FALSE,TRUE,FALSE,FALSE,42
H0022208,449.2135576159,164.3020116655,19.0090194159,4.4040204728,EndTerrace,10,4,CatA,OwnerOccupied,CatE,FALSE,FALSE,FALSE,FALSE,42
H0022211,67.8374103507,58.1249200283,12.2252574663,8.7827062469,Bungalow,10,2,CatF,LocalAuthority,CatF,FALSE,FALSE,TRUE,TRUE,42
H0022302,853.0123391896,654.6260824278,15.1304564112,6.6936802916,Detached,10,4,CatD,OwnerOccupied,CatF,FALSE,FALSE,FALSE,FALSE,42
H0022305,270.6537898278,282.947428841,9.3755140196,9.3755140196,EndTerrace,10,4,CatD,RSL,CatB,TRUE,FALSE,TRUE,FALSE,42
H0022309,192.1138214315,199.7193361307,11.7308690543,11.7308690543,EndTerrace,10,4,CatC,LocalAuthority,CatF,FALSE,FALSE,TRUE,FALSE,42
H0022401,480.1566844489,292.4573269424,10.9332668896,6.0910163438,Detached,10,4,CatD,OwnerOccupied,CatE,FALSE,FALSE,FALSE,FALSE,42
H0022403,326.3948091168,291.8883528991,21.0329013558,21.0329013558,SemiDetached,10,4,CatE,OwnerOccupied,CatD,TRUE,FALSE,TRUE,FALSE,42
H0022407,1104.9971425701,473.8025604048,7.285573024,5.2263308156,PurposeBuiltFlatLowRise,10,1,CatA,OwnerOccupied,CatF,FALSE,FALSE,FALSE,FALSE,42
H0022408,252.3731637224,204.069482924,13.0728996742,13.0728996742,SemiDetached,10,4,CatF,PrivateRented,CatA,TRUE,FALSE,TRUE,TRUE,42
H0022411,156.3624737475,136.8815335335,9.599294148,5.4334399982,MidTerrace,10,4,CatD,LocalAuthority,CatE,FALSE,TRUE,FALSE,FALSE,42
H0023102,587.9274939325,513.5827030105,16.1071414121,12.7839838155,SemiDetached,10,4,CatD,PrivateRented,CatC,TRUE,FALSE,FALSE,FALSE,42
H0023103,157.6110940414,84.7229068301,9.7750163877,3,Bungalow,10,2,CatB,PrivateRented,CatF,FALSE,FALSE,TRUE,FALSE,42
H0023106,268.7233573347,203.3727300175,10.7946272785,3,SemiDetached,10,4,CatE,OwnerOccupied,CatF,FALSE,TRUE,FALSE,FALSE,42
H0023109,1124.6037042217,418.3092789433,22.4385221816,12.5619809311,Detached,10,4,CatA,OwnerOccupied,CatD,TRUE,FALSE,FALSE,FALSE,42
H0023202,995.9370351461,493.7588242531,13.6197631515,8.6780172507,Detached,10,4,CatB,OwnerOccupied,CatE,FALSE,FALSE,TRUE,FALSE,42
H0023204,439.4867917669,341.2730963489,12.5228702355,12.5228702355,Detached,10,4,CatE,OwnerOccupied,CatE,FALSE,TRUE,FALSE,FALSE,42
H0023207,396.6366720677,226.3123542628,6.9881399364,4.615979813,ConvertedFlat,10,1,CatD,OwnerOccupied,CatF,FALSE,FALSE,FALSE,FALSE,42
H0023210,694.872824745,275.985576232,13.9963384911,3,SemiDetached,10,4,CatA,OwnerOccupied,CatE,FALSE,TRUE,TRUE,FALSE,42
H0023302,433.033502983,192.3619063466,16.3308519135,8.3490451295,SemiDetached,10,4,CatE,OwnerOccupied,CatC,FALSE,FALSE,FALSE,FALSE,42
H0023309,113.6909811954,68.86973115,10.6831885216,3,Bungalow,10,1,CatD,RSL,CatD,FALSE,FALSE,FALSE,FALSE,42
H0023310,537.2103945263,566.5815367528,11.0438335711,11.0438335711,Detached,10,4,CatD,OwnerOccupied,CatF,FALSE,FALSE,FALSE,FALSE,42
H0023402,597.5800281488,311.2241687217,17.8545295396,11.0426478911,SemiDetached,10,4,CatC,LocalAuthority,CatB,TRUE,TRUE,FALSE,FALSE,42
H0023405,502.2880911913,502.2880911913,19.4783578197,19.4783578197,Detached,10,4,CatD,OwnerOccupied,CatF,FALSE,TRUE,TRUE,TRUE,42
H0024211,654.0452481381,457.1283992363,23.9523905716,23.9523905716,Detached,10,4,CatF,OwnerOccupied,CatF,FALSE,FALSE,TRUE,TRUE,42
H0024308,345.2814927672,369.5552340245,13.4573856239,13.4573856239,Detached,10,4,CatE,OwnerOccupied,CatE,FALSE,FALSE,FALSE,FALSE,42
H0024309,375.6358423014,407.4158023015,21.7260231942,21.7260231942,Detached,10,4,CatC,OwnerOccupied,CatD,FALSE,FALSE,FALSE,FALSE,42
H0024402,243.8396871532,216.6459539543,9.9595228205,6.2744993769,Bungalow,10,1,CatD,LocalAuthority,CatF,FALSE,FALSE,FALSE,FALSE,42
H0024403,375.1320695204,218.4527532312,16.5772140159,9.0104815266,MidTerrace,10,4,CatD,OwnerOccupied,CatF,FALSE,FALSE,FALSE,FALSE,42
H0024404,410.6463371229,292.1913968299,16.2604811013,12.6336811223,MidTerrace,10,4,CatC,PrivateRented,CatD,FALSE,FALSE,FALSE,FALSE,42
H0024408,320.5094164621,222.8276489821,11.7259441887,7.7011502054,EndTerrace,10,4,CatD,PrivateRented,CatB,TRUE,FALSE,FALSE,FALSE,42
H0024411,552.4055511916,256.5625404753,14.9845297304,9.7743692308,MidTerrace,10,4,CatA,OwnerOccupied,CatC,FALSE,FALSE,TRUE,FALSE,42
H0031206,332.1602467169,237.1447177368,15.2322932113,10.09086943,MidTerrace,10,4,CatA,OwnerOccupied,CatB,FALSE,TRUE,FALSE,FALSE,42
H0031208,267.8519233008,267.456031995,9.1443375934,7.7431810549,Bungalow,10,2,CatB,OwnerOccupied,CatC,FALSE,FALSE,FALSE,FALSE,42
H0031303,294.2203564061,209.7384615961,14.5620349357,7.085837493,MidTerrace,10,4,CatD,OwnerOccupied,CatF,FALSE,FALSE,FALSE,FALSE,42
H0031410,569.2843370627,435.0907603832,22.4373894141,15.4336275542,MidTerrace,10,4,CatA,OwnerOccupied,CatE,FALSE,FALSE,FALSE,FALSE,42
H0032101,374.8345233105,387.7834336441,9.6150749328,9.6150749328,MidTerrace,10,4,CatC,LocalAuthority,CatF,FALSE,FALSE,TRUE,FALSE,42
H0032104,399.4288656381,232.1725578137,13.4890778674,10.007670004,MidTerrace,10,4,CatC,OwnerOccupied,CatD,TRUE,FALSE,FALSE,FALSE,42
H0032105,324.4715132132,303.8506950154,12.3093475858,7.0522200402,MidTerrace,10,4,CatD,LocalAuthority,CatF,FALSE,FALSE,FALSE,FALSE,42
H0032109,266.1969779672,118.0202334513,13.5055634946,3,MidTerrace,10,4,CatD,OwnerOccupied,CatC,FALSE,FALSE,FALSE,FALSE,42
H0032204,308.9084130623,226.9946240642,11.598945472,11.598945472,EndTerrace,10,4,CatD,LocalAuthority,CatE,FALSE,FALSE,FALSE,FALSE,42
H0032209,525.8422542663,548.9848183961,13.711723395,13.711723395,EndTerrace,10,4,CatD,LocalAuthority,CatC,FALSE,FALSE,FALSE,FALSE,42
H0032301,400.060248,279.9689026005,11.7555922025,8.8911375782,Detached,10,4,CatB,OwnerOccupied,CatF,FALSE,FALSE,FALSE,FALSE,42
H0032304,270.9803651957,176.7665741782,12.0701890322,10.8128782313,MidTerrace,10,4,CatD,LocalAuthority,CatE,FALSE,FALSE,FALSE,FALSE,42
H0032306,231.1667346718,169.1619784761,11.7283268888,9.0586089643,SemiDetached,10,4,CatF,OwnerOccupied,CatF,FALSE,FALSE,TRUE,TRUE,42
H0032310,288.829277788,193.0132792726,12.6384148307,7.7779772567,SemiDetached,10,4,CatF,OwnerOccupied,CatB,FALSE,FALSE,TRUE,TRUE,42
H0032402,257.6910221847,198.4747953901,8.0945152233,8.0945152233,Bungalow,10,1,CatD,LocalAuthority,CatF,FALSE,FALSE,FALSE,FALSE,42
H0032404,270.4129559845,177.9135257107,9.3030096985,3.2520639292,MidTerrace,10,4,CatC,LocalAuthority,CatF,FALSE,FALSE,FALSE,FALSE,42
H0032405,278.709761172,276.3040629125,9.310709222,4.4011377778,EndTerrace,10,4,CatC,LocalAuthority,CatF,FALSE,FALSE,FALSE,FALSE,42
H0032408,153.7638871569,141.519748443,9.7287869659,6.417258013,Bungalow,10,3,CatF,OwnerOccupied,CatB,TRUE,FALSE,TRUE,TRUE,42
H0033102,305.0362899008,283.2294659482,9.5246906796,9.5246906796,Bungalow,10,1,CatC,RSL,CatC,TRUE,FALSE,FALSE,FALSE,42
H0033104,269.562570929,246.9062424929,11.1639146196,8.4287555378,Bungalow,10,3,CatC,OwnerOccupied,CatA,FALSE,FALSE,FALSE,FALSE,42
H0033110,665.5549113094,441.0331684306,15.5536702157,10.1058414787,EndTerrace,10,4,CatA,OwnerOccupied,CatE,FALSE,TRUE,FALSE,FALSE,42
H0033212,795.6364732473,410.6234701795,18.9399964595,12.5374499466,SemiDetached,10,4,CatB,OwnerOccupied,CatC,TRUE,FALSE,FALSE,FALSE,42
H0033301,507.137398691,239.7754166994,15.4124022427,10.7441506836,MidTerrace,10,4,CatA,OwnerOccupied,CatF,FALSE,TRUE,TRUE,FALSE,42
H0033305,623.0655727137,215.3336522435,19.4677773741,5.4752208439,MidTerrace,10,4,CatA,OwnerOccupied,CatF,FALSE,FALSE,TRUE,FALSE,42
H0033306,410.4782116761,217.1073522328,16.2420455332,6.4855565692,SemiDetached,10,4,CatB,OwnerOccupied,CatF,FALSE,FALSE,FALSE,FALSE,42
H0033401,284.9368068097,251.1225859028,20.3857841463,15.9462133766,Bungalow,10,3,CatC,PrivateRented,CatC,TRUE,FALSE,TRUE,FALSE,42
H0033404,209.7103812491,175.8462592263,14.8012353512,11.0983164909,MidTerrace,10,4,CatF,RSL,CatC,TRUE,FALSE,TRUE,TRUE,42
H0033405,472.5575398489,337.7973206899,16.9799943016,11.3018952041,MidTerrace,10,4,CatA,OwnerOccupied,CatD,TRUE,FALSE,FALSE,FALSE,42
H0033406,542.1379856933,318.8563592004,20.7184460904,10.8899615332,MidTerrace,10,4,CatA,OwnerOccupied,CatD,FALSE,TRUE,FALSE,FALSE,42
H0033408,588.5668594412,181.4316841343,13.0336330963,4.2589626002,ConvertedFlat,10,1,CatA,OwnerOccupied,CatE,FALSE,TRUE,FALSE,FALSE,42
H0033409,399.1474787817,256.3690827399,15.8802741527,12.1433141948,MidTerrace,10,4,CatC,OwnerOccupied,CatF,FALSE,FALSE,FALSE,FALSE,42
H0034101,494.5415429836,516.2983433651,15.0245278148,15.0245278148,SemiDetached,10,4,CatB,OwnerOccupied,CatC,TRUE,FALSE,FALSE,FALSE,42
H0034102,423.3401682767,342.1236340162,27.7764274864,20.0335434148,MidTerrace,10,4,CatA,OwnerOccupied,CatB,FALSE,FALSE,FALSE,FALSE,42
H0034107,215.8164876916,203.2509447417,14.2309993789,10.4522982094,MidTerrace,10,4,CatE,OwnerOccupied,CatF,FALSE,FALSE,FALSE,FALSE,42
H0034109,238.4441948572,242.8593200409,8.2036219353,5.1193321356,Detached,10,4,CatF,OwnerOccupied,CatE,FALSE,FALSE,T,T,42
H0034203,506.5488332783,273.7051831079,16.3090714154,11.0312227522,MidTerrace,10,4,CatA,PrivateRented,CatA,TRUE,FALSE,TRUE,TRUE,42
H0034206,331.2409085361,186.7678904444,11.6353051327,3,SemiDetached,10,4,CatC,OwnerOccupied,CatF,FALSE,FALSE,FALSE,FALSE,42
H0034208,911.2356365888,528.7399304957,16.6038564278,12.50849543,Detached,10,4,CatD,PrivateRented,CatB,FALSE,FALSE,FALSE,FALSE,42
H0034310,549.6533745404,578.2250906433,17.2388023291,17.2388023291,Detached,10,4,CatD,OwnerOccupied,CatF,FALSE,TRUE,FALSE,FALSE,42
H0034401,238.7381338277,153.3396910481,12.6823043082,9.2606497425,MidTerrace,10,4,CatE,OwnerOccupied,CatE,FALSE,FALSE,FALSE,FALSE,42
H0034403,142.0638144868,146.6072480188,11.8094496828,11.8094496828,Bungalow,10,3,CatD,RSL,CatF,FALSE,FALSE,FALSE,FALSE,42
H0034406,315.5462908753,334.646952827,11.1756657198,11.1756657198,SemiDetached,10,4,CatC,OwnerOccupied,CatE,FALSE,FALSE,FALSE,FALSE,42
H0034408,194.2278418242,104.8404086877,10.1434613036,3.9340367862,Bungalow,10,2,CatF,OwnerOccupied,CatC,FALSE,FALSE,TRUE,TRUE,42
H0041102,569.5655907834,237.1023571118,17.412197682,12.5263506687,MidTerrace,10,4,CatA,PrivateRented,CatD,FALSE,TRUE,FALSE,FALSE,42
H0041104,540.7872086172,290.8257758829,23.0089412205,18.2545012611,Detached,10,4,CatB,OwnerOccupied,CatD,FALSE,FALSE,FALSE,FALSE,42
H0041105,489.7491673444,368.6136219422,15.4466611035,9.5794726731,EndTerrace,10,4,CatB,RSL,CatD,TRUE,FALSE,TRUE,TRUE,42
H0041106,895.24342253,620.8751583221,29.3958807973,23.2180034891,SemiDetached,10,4,CatA,OwnerOccupied,CatD,FALSE,FALSE,FALSE,FALSE,42
H0041109,426.7083645066,352.1417048375,15.0578852236,9.5634346286,SemiDetached,10,4,CatC,RSL,CatF,FALSE,FALSE,FALSE,FALSE,42
H0041110,543.6366676669,300.0068085296,29.3304447671,16.8708180434,EndTerrace,10,4,CatA,OwnerOccupied,CatD,FALSE,FALSE,FALSE,FALSE,42
H0041202,991.4603385517,470.1766224232,27.2799738628,14.0116949771,EndTerrace,10,4,CatA,OwnerOccupied,CatD,FALSE,TRUE,FALSE,FALSE,42
H0041206,162.2899799267,170.2743836886,11.131579965,11.131579965,EndTerrace,10,4,CatC,RSL,CatF,FALSE,FALSE,FALSE,FALSE,42
H0041306,1356.6431807026,589.6743809861,13.8486702866,6.604876056,EndTerrace,10,4,CatA,OwnerOccupied,CatD,FALSE,FALSE,FALSE,FALSE,42
H0041403,1303.4188137301,692.3503695242,19.1560943075,14.3725468044,Detached,10,4,CatB,OwnerOccupied,CatF,FALSE,FALSE,TRUE,FALSE,42
H0041406,210.4555178615,165.7932177376,8.0775064519,3.7937256991,Bungalow,10,1,CatD,RSL,CatF,FALSE,FALSE,FALSE,FALSE,42
H0041407,2274.7004987816,1100.2132045764,19.8718791793,15.3923696207,Detached,10,4,CatC,OwnerOccupied,CatE,FALSE,TRUE,FALSE,FALSE,42
H0042201,505.1242723077,232.5673464567,17.5475816971,7.5371528265,SemiDetached,10,4,CatA,PrivateRented,CatC,TRUE,TRUE,FALSE,FALSE,42
H0042202,345.4272879716,367.8926318264,8.6955657252,8.6955657252,Detached,10,4,CatD,RSL,CatE,FALSE,FALSE,FALSE,FALSE,42
H0042205,620.1884030791,620.1884030791,12.3209615527,12.3209615527,Detached,10,4,CatF,OwnerOccupied,CatD,FALSE,FALSE,TRUE,TRUE,42
H0042209,1244.1200500517,349.9647590628,21.3850186219,3.5906588737,Detached,10,4,CatA,OwnerOccupied,CatF,FALSE,TRUE,FALSE,FALSE,42
H0042302,709.3851727585,340.7424111184,10.9308853495,5.3644104084,PurposeBuiltFlatLowRise,10,2,CatA,OwnerOccupied,CatD,FALSE,FALSE,FALSE,FALSE,42
H0042305,684.2401231719,448.5329338608,19.5659076492,14.8581997863,Detached,10,4,CatF,OwnerOccupied,CatC,TRUE,FALSE,TRUE,TRUE,42
H0042307,454.7900085634,334.7553656454,13.4334187838,13.4334187838,EndTerrace,10,4,CatE,RSL,CatC,TRUE,FALSE,TRUE,FALSE,42
H0042309,395.3894602552,276.3474722214,13.8615600286,13.8615600286,SemiDetached,10,4,CatF,PrivateRented,CatC,TRUE,FALSE,TRUE,TRUE,42
H0042402,2909.9744128032,1613.8294046469,27.720325521,13.8753148223,Detached,10,4,CatA,OwnerOccupied,CatE,FALSE,FALSE,TRUE,FALSE,42
H0043101,1383.7240256824,655.3192167772,17.6442168936,11.3827377991,Detached,10,4,CatC,OwnerOccupied,CatE,FALSE,FALSE,FALSE,FALSE,42
H0043103,305.5126891438,183.7934008621,9.2735741298,6.706238038,SemiDetached,10,4,CatF,OwnerOccupied,CatF,FALSE,FALSE,TRUE,TRUE,42
H0043104,289.9364279168,244.4195263298,16.1164964429,16.1164964429,MidTerrace,10,4,CatC,RSL,CatA,TRUE,FALSE,TRUE,FALSE,42
H0043105,311.8283437872,326.4037541004,13.5280704958,13.5280704958,SemiDetached,10,4,CatD,RSL,CatB,TRUE,FALSE,FALSE,FALSE,42
H0043109,1216.5422387928,1286.0142534906,24.0484764628,24.0484764628,Detached,10,4,CatD,OwnerOccupied,CatD,FALSE,TRUE,TRUE,FALSE,42
H0043111,855.9540839049,637.3479014356,19.430326759,19.430326759,Detached,10,4,CatC,OwnerOccupied,CatF,FALSE,FALSE,FALSE,FALSE,42
H0043202,674.4902465859,544.6308675422,14.7207903175,8.8435436775,Detached,10,4,CatE,OwnerOccupied,CatD,TRUE,FALSE,FALSE,FALSE,42
H0043206,201.1834336359,184.629315341,10.8833643804,8.0139896537,MidTerrace,10,4,CatE,PrivateRented,CatC,FALSE,FALSE,FALSE,FALSE,42
H0043301,355.7271658292,200.7456335816,17.400145089,11.7693414817,MidTerrace,10,4,CatA,PrivateRented,CatA,FALSE,FALSE,FALSE,FALSE,42
H0043303,516.9958591578,514.0732056499,15.2732047557,13.4504724052,SemiDetached,10,4,CatC,OwnerOccupied,CatE,FALSE,FALSE,FALSE,FALSE,42
H0043403,1626.3165059872,1002.2741602917,30,15.8272171891,MidTerrace,10,4,CatA,OwnerOccupied,CatD,TRUE,FALSE,FALSE,FALSE,42
H0044101,483.8772521594,496.1900552876,10.5117494851,9.1214239546,Detached,10,4,CatD,PrivateRented,CatE,FALSE,TRUE,FALSE,FALSE,42
H0044103,1364.2064984333,784.6959019187,20.3435646668,10.5629909778,Detached,10,4,CatA,OwnerOccupied,CatE,FALSE,TRUE,FALSE,FALSE,42
H0044106,210.6926640078,133.7562506056,14.662525802,5.6871036373,MidTerrace,10,4,CatD,RSL,CatF,FALSE,FALSE,FALSE,FALSE,42
H0044201,391.2460713996,234.1759102859,23.4386468987,7.8987019522,MidTerrace,10,4,CatA,OwnerOccupied,CatC,TRUE,FALSE,TRUE,FALSE,42
H0044203,504.6225872223,370.4586251025,16.4596934838,16.4596934838,SemiDetached,10,4,CatB,OwnerOccupied,CatE,FALSE,FALSE,FALSE,FALSE,42
H0044204,521.1143869758,549.6439347135,22.7272178159,22.7272178159,Detached,10,4,CatC,OwnerOccupied,CatF,FALSE,FALSE,FALSE,FALSE,42
H0044208,836.0971727159,529.1587889205,10.3936170849,8.8167425109,Detached,10,4,CatE,OwnerOccupied,CatF,FALSE,FALSE,TRUE,FALSE,42
H0044211,1360.97331165,494.6287399236,20.0619404276,3.822461242,Detached,10,4,CatA,OwnerOccupied,CatE,FALSE,FALSE,FALSE,FALSE,42
H0044302,286.7745932271,242.2402141447,14.1073200737,9.1413318585,SemiDetached,10,4,CatE,PrivateRented,CatB,FALSE,FALSE,FALSE,FALSE,42
H0044305,656.3830733428,223.8347089543,20.3355490454,4.4250912887,MidTerrace,10,4,CatA,OwnerOccupied,CatF,FALSE,FALSE,FALSE,FALSE,42
H0044306,260.1104491951,260.1104491951,12.9858214465,12.9858214465,MidTerrace,10,4,CatF,RSL,CatA,TRUE,FALSE,TRUE,TRUE,42
H0044403,331.4950407093,333.0325823244,15.2170537839,15.2170537839,SemiDetached,10,4,CatF,RSL,CatC,TRUE,FALSE,T,T,42
H0044405,288.7203935321,296.2105575631,10.3944646351,9.1799552329,SemiDetached,10,4,CatC,OwnerOccupied,CatF,FALSE,TRUE,FALSE,FALSE,42
H0044406,231.138394355,210.4853485771,22.6383448808,17.143343985,SemiDetached,10,4,CatF,OwnerOccupied,CatD,FALSE,FALSE,TRUE,TRUE,42
H0051105,694.7996634606,656.1340406011,11.6329774831,10.1421704161,Detached,10,4,CatB,OwnerOccupied,CatC,TRUE,FALSE,FALSE,FALSE,42
H0051107,295.723842082,295.1495461841,11.3463839942,10.0148344929,SemiDetached,10,4,CatC,OwnerOccupied,CatC,FALSE,FALSE,FALSE,FALSE,42
H0051108,192.7516583525,156.5327114621,7.8923220218,5.4240484061,Bungalow,10,1,CatD,PrivateRented,CatC,FALSE,TRUE,FALSE,FALSE,42
H0051202,237.0251456514,224.5181779291,15.7367407541,14.0366253901,SemiDetached,10,4,CatF,RSL,CatD,TRUE,FALSE,TRUE,TRUE,42
H0051203,590.8810147606,327.0106278656,14.6318697805,8.9998510759,Detached,10,4,CatD,OwnerOccupied,CatC,TRUE,FALSE,FALSE,FALSE,42
H0051207,525.3686673934,332.7789834102,17.4256687736,13.7052598304,Detached,10,4,CatB,PrivateRented,CatD,FALSE,FALSE,FALSE,FALSE,42
H0051308,347.0480449672,230.0150314419,14.6635433996,9.7378741267,MidTerrace,10,4,CatA,OwnerOccupied,CatD,FALSE,FALSE,FALSE,FALSE,42
H0051404,72.1298258544,63.3823193685,10.3090762854,7.1173032689,Bungalow,10,2,CatF,OwnerOccupied,CatF,FALSE,FALSE,T,T,42
H0051411,558.5478775369,245.1613607174,13.6623139622,8.4147166731,SemiDetached,10,4,CatD,OwnerOccupied,CatF,FALSE,FALSE,FALSE,FALSE,42
H0052105,241.1863120052,136.4670164808,10.4351918366,4.8098348688,ConvertedFlat,10,1,CatA,PrivateRented,CatD,FALSE,FALSE,TRUE,TRUE,42
H0052108,706.227474838,382.5053071298,14.1291614393,3,SemiDetached,10,4,CatD,PrivateRented,CatB,TRUE,FALSE,FALSE,FALSE,42
H0052109,595.7041636551,625.8120466466,22.571198898,22.571198898,SemiDetached,10,4,CatB,PrivateRented,CatA,TRUE,FALSE,FALSE,FALSE,42
H0052209,327.1506456806,176.1119250007,15.9026916515,12.3912509529,MidTerrace,10,4,CatD,PrivateRented,CatB,FALSE,FALSE,FALSE,FALSE,42
H0052212,575.9610668892,306.9060138049,16.956365037,3,EndTerrace,10,4,CatB,OwnerOccupied,CatF,TRUE,FALSE,TRUE,FALSE,42
H0052302,281.8110381471,171.3621018562,10.066853717,3,ConvertedFlat,10,1,CatA,PrivateRented,CatE,FALSE,TRUE,TRUE,FALSE,42
H0052401,369.4364839795,166.7624548756,9.2016258405,4.8352115868,Bungalow,10,1,CatA,PrivateRented,CatD,FALSE,FALSE,TRUE,FALSE,42
H0052402,520.5316889083,558.7613244281,24.4582247412,24.4582247412,Detached,10,4,CatC,OwnerOccupied,CatE,FALSE,FALSE,FALSE,FALSE,42
H0052404,296.9442478856,214.5226330348,14.3425352874,8.2753008634,ConvertedFlat,10,1,CatA,PrivateRented,CatF,FALSE,TRUE,FALSE,FALSE,42
H0052408,255.9586556422,171.6037509957,5.7030181186,3,ConvertedFlat,10,1,CatA,PrivateRented,CatF,FALSE,FALSE,TRUE,FALSE,42
H0052409,48.0847001902,48.0847001902,13.5358788733,13.5358788733,Bungalow,10,2,CatF,PrivateRented,CatA,FALSE,FALSE,TRUE,TRUE,42
H0053101,565.0491473094,606.2170412194,16.0777807903,16.0777807903,Detached,10,4,CatE,OwnerOccupied,CatF,FALSE,FALSE,TRUE,FALSE,42
H0053105,860.5330575799,590.0441558854,16.6053694937,10.5641166172,SemiDetached,10,4,CatB,OwnerOccupied,CatE,FALSE,FALSE,FALSE,FALSE,42
H0053201,420.9967606704,306.7134332562,14.0437414167,14.0437414167,EndTerrace,10,4,CatE,OwnerOccupied,CatD,FALSE,FALSE,TRUE,FALSE,42
H0053202,192.4942982925,194.2080303477,10.2414353669,10.2414353669,EndTerrace,10,4,CatF,RSL,CatD,FALSE,FALSE,T,T,42
H0053209,403.4965149617,401.7382953593,11.2059659314,6.6017093371,EndTerrace,10,4,CatD,RSL,CatD,FALSE,FALSE,FALSE,FALSE,42
H0053301,429.5622689317,255.010218983,22.0677634465,11.2910736295,MidTerrace,10,4,CatA,OwnerOccupied,CatE,FALSE,FALSE,FALSE,FALSE,42
H0053308,755.3261120832,543.275087866,11.3876207291,9.8485223993,Detached,10,4,CatD,OwnerOccupied,CatF,FALSE,FALSE,FALSE,FALSE,42
H0053310,195.1571314862,179.217671286,10.9220170224,8.1276568341,EndTerrace,10,4,CatE,PrivateRented,CatE,FALSE,TRUE,FALSE,FALSE,42
H0053406,335.1572363588,328.5245818496,10.6890067136,6.1503831889,Detached,10,4,CatD,OwnerOccupied,CatD,FALSE,TRUE,TRUE,FALSE,42
H0053411,1387.7213872909,956.1331769766,19.7624548159,17.3744814031,Detached,10,4,CatB,OwnerOccupied,CatD,TRUE,FALSE,FALSE,FALSE,42
H0054108,1159.7320872742,551.5027831497,20.3745982703,13.1973285208,Detached,10,4,CatA,OwnerOccupied,CatC,TRUE,TRUE,FALSE,FALSE,42
H0054208,497.4513501516,510.7984550388,14.6932061976,10.5892971877,Detached,10,4,CatE,OwnerOccupied,CatF,FALSE,FALSE,FALSE,FALSE,42
H0054309,606.4780853584,324.7811136259,18.8001504656,3,ConvertedFlat,10,2,CatB,OwnerOccupied,CatC,TRUE,FALSE,FALSE,FALSE,42
H0054403,106.6092871216,87.4571105744,11.2490022681,4.9967845817,Bungalow,10,3,CatF,OwnerOccupied,CatF,FALSE,FALSE,TRUE,TRUE,42
H0054405,775.3617062984,812.5425902753,15.9124866094,15.9124866094,SemiDetached,10,4,CatB,OwnerOccupied,CatC,TRUE,FALSE,FALSE,FALSE,42
H0054408,270.5189414507,208.1055368642,12.7696467433,5.7325533732,SemiDetached,10,4,CatF,OwnerOccupied,CatE,FALSE,FALSE,TRUE,TRUE,42
H0061105,551.4357148031,577.9219622176,13.7933889714,13.7933889714,MidTerrace,10,4,CatD,OwnerOccupied,CatC,TRUE,FALSE,FALSE,FALSE,42
H0061201,480.8711941852,504.2446512825,16.3793000348,16.3793000348,SemiDetached,10,4,CatB,OwnerOccupied,CatF,FALSE,FALSE,FALSE,FALSE,42
H0061401,241.0693406702,158.2169919856,9.9206477815,4.2590239031,Bungalow,10,3,CatF,OwnerOccupied,CatE,FALSE,FALSE,TRUE,TRUE,42
H0061404,86.2758978473,77.0340410849,8.3865710874,5.7822151944,Bungalow,10,1,CatE,RSL,CatF,FALSE,FALSE,FALSE,FALSE,42
H0061405,275.2344335052,192.3681524499,14.0440801903,14.0440801903,MidTerrace,10,4,CatF,OwnerOccupied,CatC,TRUE,FALSE,TRUE,TRUE,42
H0061406,544.1941063454,325.6131908258,15.4940455606,10.3896595421,EndTerrace,10,4,CatC,PrivateRented,CatC,TRUE,FALSE,FALSE,FALSE,42
H0062105,776.6834838626,602.6788730946,26.9933000115,18.4483532664,MidTerrace,10,4,CatA,OwnerOccupied,CatD,TRUE,FALSE,TRUE,FALSE,42
H0062109,2666.5185691461,1387.1840480305,30,19.3670537509,Detached,10,4,CatA,OwnerOccupied,CatC,TRUE,FALSE,FALSE,FALSE,42
H0062201,886.4015390889,517.2330924684,16.7570730417,12.7131325565,Detached,10,4,CatB,OwnerOccupied,CatE,FALSE,FALSE,FALSE,FALSE,42
H0062203,238.0309310871,249.8608027942,16.2668497695,16.2668497695,MidTerrace,10,4,CatC,OwnerOccupied,CatD,FALSE,FALSE,FALSE,FALSE,42
H0062207,548.4659520309,460.0037017033,17.2108642019,17.2108642019,Detached,10,4,CatF,OwnerOccupied,CatD,FALSE,FALSE,TRUE,TRUE,42
H0062211,1325.808480837,495.9087275725,23.1697287264,11.5289322066,SemiDetached,10,4,CatA,OwnerOccupied,CatF,FALSE,TRUE,FALSE,FALSE,42
H0062303,299.8804159677,313.1110532979,15.1740522503,15.1740522503,SemiDetached,10,4,CatC,LocalAuthority,CatF,FALSE,FALSE,FALSE,FALSE,42
H0062305,557.376554354,542.3127368918,14.6455428713,12.9428736704,SemiDetached,10,4,CatD,OwnerOccupied,CatE,FALSE,FALSE,FALSE,FALSE,42
H0062311,303.2558105155,237.0799205046,12.1885133412,12.1885133412,MidTerrace,10,4,CatC,LocalAuthority,CatF,FALSE,FALSE,FALSE,FALSE,42
H0062312,207.7445272536,219.0110717365,15.5378903735,15.5378903735,MidTerrace,10,4,CatC,LocalAuthority,CatC,TRUE,FALSE,FALSE,FALSE,42
H0062403,389.1531235789,409.426269966,21.3453385092,21.3453385092,Detached,10,4,CatD,OwnerOccupied,CatF,FALSE,FALSE,TRUE,FALSE,42
H0062405,702.2995285262,747.6497488991,25.2351275976,25.2351275976,Detached,10,4,CatC,OwnerOccupied,CatC,TRUE,FALSE,FALSE,FALSE,42
H0062407,407.3415096608,197.7718806758,11.4772799842,7.3636124271,SemiDetached,10,4,CatC,OwnerOccupied,CatE,FALSE,FALSE,FALSE,FALSE,42
H0062408,267.9009182435,205.9177454156,8.8769471875,8.8769471875,Bungalow,10,2,CatC,LocalAuthority,CatA,TRUE,FALSE,FALSE,FALSE,42
H0062410,378.9563970409,370.0614550645,10.9903742798,9.6060727277,SemiDetached,10,4,CatD,OwnerOccupied,CatF,FALSE,FALSE,FALSE,FALSE,42
H0063111,493.6810482029,517.7868373829,20.0065230938,20.0065230938,Detached,10,4,CatD,OwnerOccupied,CatD,FALSE,FALSE,TRUE,FALSE,42
H0063112,435.8870590359,434.982197584,17.6444073268,15.7736326421,EndTerrace,10,4,CatC,OwnerOccupied,CatF,FALSE,FALSE,FALSE,FALSE,42
H0063202,1908.2334074896,1096.2346353531,30,19.4007711376,Detached,10,4,CatA,OwnerOccupied,CatE,FALSE,FALSE,TRUE,FALSE,42
H0063205,266.1985386502,157.2358514907,9.541121672,6.5026945049,Bungalow,10,1,CatD,OwnerOccupied,CatF,FALSE,FALSE,FALSE,FALSE,42
H0064102,145.6452127362,152.6837257884,12.0386289607,12.0386289607,MidTerrace,10,4,CatE,RSL,CatC,TRUE,FALSE,TRUE,FALSE,42
H0064103,478.9469969378,258.1612431014,14.2376283563,5.0372270041,Detached,10,4,CatE,OwnerOccupied,CatF,FALSE,FALSE,TRUE,FALSE,42
H0064104,236.1908734309,163.9194166539,9.3072809696,5.3451484334,SemiDetached,10,4,CatD,PrivateRented,CatC,TRUE,FALSE,FALSE,FALSE,42
H0064106,950.4664603413,575.1435844669,21.150105386,6.252134128,Detached,10,4,CatC,PrivateRented,CatC,TRUE,FALSE,FALSE,FALSE,42
H0064108,275.286095973,236.5092372929,14.9718888714,14.9718888714,SemiDetached,10,4,CatF,OwnerOccupied,CatB,TRUE,FALSE,TRUE,TRUE,42
H0064114,272.6038974941,254.7898929349,14.7389991341,7.8117890609,SemiDetached,10,4,CatC,OwnerOccupied,CatF,FALSE,FALSE,TRUE,FALSE,42
H0064301,705.0031096569,379.9017348852,22.7009486674,17.2481814531,Detached,10,4,CatB,OwnerOccupied,CatD,FALSE,FALSE,FALSE,FALSE,42
H0064302,472.6443622534,331.9481583607,15.7293226028,13.9327982956,SemiDetached,10,4,CatB,OwnerOccupied,CatF,FALSE,FALSE,FALSE,FALSE,42
H0064310,705.5581286996,495.5205116391,14.5587468967,12.7333480017,Detached,10,4,CatD,OwnerOccupied,CatF,FALSE,TRUE,FALSE,FALSE,42
H0064402,1302.9231458844,609.7100414276,18.8710735284,11.8083639106,Detached,10,4,CatC,PrivateRented,CatC,TRUE,FALSE,FALSE,FALSE,42
H0064408,681.1706908238,502.3266079813,11.9592746666,11.9592746666,Detached,10,4,CatD,OwnerOccupied,CatF,FALSE,FALSE,FALSE,FALSE,42
H0064410,564.4127417386,247.6382511388,13.1949050333,10.2451436733,SemiDetached,10,4,CatB,OwnerOccupied,CatD,FALSE,FALSE,FALSE,FALSE,42
H0071103,1202.4611133632,628.1462242343,22.0060918981,14.9509975439,Detached,10,4,CatF,OwnerOccupied,CatD,FALSE,FALSE,T,T,42
H0071105,958.1698732261,538.4848980612,13.3750897917,8.4503801505,Detached,10,4,CatA,OwnerOccupied,CatE,FALSE,FALSE,FALSE,FALSE,42
H0071109,529.9089638105,370.3664800826,14.8888072009,14.8888072009,Detached,10,4,CatF,OwnerOccupied,CatC,TRUE,FALSE,TRUE,TRUE,42
H0071202,330.0033629553,210.6732685612,15.6223765441,8.4365530556,MidTerrace,10,4,CatA,OwnerOccupied,CatE,FALSE,FALSE,FALSE,FALSE,42
H0071204,388.1868936879,169.0389438617,11.3761427511,3,SemiDetached,10,4,CatD,OwnerOccupied,CatF,FALSE,TRUE,TRUE,FALSE,42
H0071207,153.4542309554,77.7227834608,9.2550308369,3,ConvertedFlat,10,3,CatA,PrivateRented,CatA,FALSE,FALSE,FALSE,FALSE,42
H0071305,579.6286442402,336.1553651909,10.0241687178,6.0995668967,Detached,10,4,CatD,OwnerOccupied,CatE,FALSE,FALSE,FALSE,FALSE,42
H0071306,479.2248144899,229.2882940217,17.8324296175,4.3011498127,SemiDetached,10,4,CatC,RSL,CatF,FALSE,FALSE,FALSE,FALSE,42
H0071403,794.7609369319,263.191471735,20.7428504374,9.7082976149,Detached,10,4,CatA,PrivateRented,CatD,FALSE,TRUE,FALSE,FALSE,42
H0071404,472.5349797144,136.1571112503,12.9408448337,3,Bungalow,10,2,CatA,PrivateRented,CatB,TRUE,FALSE,FALSE,FALSE,42
H0071409,411.7148621185,177.0470173462,17.8599821054,6.5979897226,MidTerrace,10,4,CatA,OwnerOccupied,CatF,FALSE,FALSE,FALSE,FALSE,42
H0072106,298.7958786165,207.5549432168,16.5987811427,11.1116364443,MidTerrace,10,4,CatA,OwnerOccupied,CatC,TRUE,FALSE,FALSE,FALSE,42
H0072206,293.8757710873,268.1184159294,9.1109199656,7.9672873965,MidTerrace,10,4,CatE,LocalAuthority,CatD,FALSE,TRUE,FALSE,FALSE,42
H0072210,254.790643408,166.4171414544,14.5961612876,5.0275056916,SemiDetached,10,4,CatE,PrivateRented,CatC,FALSE,FALSE,FALSE,FALSE,42
H0072309,374.2983327514,309.097978014,12.8483466778,12.8483466778,Detached,10,4,CatF,PrivateRented,CatB,TRUE,FALSE,TRUE,TRUE,42
H0072405,266.159323824,219.7960867708,13.0551852075,13.0551852075,SemiDetached,10,4,CatF,OwnerOccupied,CatF,FALSE,FALSE,TRUE,TRUE,42
H0073107,365.9602763203,160.7213384802,18.1006053298,12.0745378934,MidTerrace,10,4,CatA,OwnerOccupied,CatC,FALSE,FALSE,TRUE,FALSE,42
H0073204,344.375680283,306.3177024247,18.7871050751,15.3042920181,SemiDetached,10,4,CatB,RSL,CatF,FALSE,FALSE,FALSE,FALSE,42
H0073302,448.2471259508,360.9973277923,14.2401601715,8.2221713938,Detached,10,4,CatE,OwnerOccupied,CatD,FALSE,FALSE,FALSE,FALSE,42
H0073305,510.1829031986,419.6665816634,16.6833215729,16.6833215729,Detached,10,4,CatF,OwnerOccupied,CatF,FALSE,FALSE,TRUE,TRUE,42
H0073309,378.9882858002,256.6074880019,10.7019484072,9.3642709662,Detached,10,4,CatE,OwnerOccupied,CatF,FALSE,FALSE,FALSE,FALSE,42
H0073310,229.6065468201,242.8195641858,11.9858836091,11.9858836091,SemiDetached,10,4,CatC,RSL,CatE,FALSE,FALSE,FALSE,FALSE,42
H0073405,759.959371501,614.2491590059,10.744915902,10.744915902,Detached,10,4,CatD,OwnerOccupied,CatF,FALSE,FALSE,TRUE,FALSE,42
H0073410,338.0218578814,338.0218578814,12.2408781909,12.2408781909,EndTerrace,10,4,CatF,OwnerOccupied,CatF,FALSE,FALSE,TRUE,TRUE,42
H0073411,891.8772752847,529.5728020375,17.7267473654,9.2053246296,EndTerrace,10,4,CatA,PrivateRented,CatE,FALSE,FALSE,FALSE,FALSE,42
H0074101,782.4777343187,344.355141226,14.3624091823,5.4577154893,ConvertedFlat,10,1,CatA,OwnerOccupied,CatF,FALSE,FALSE,TRUE,FALSE,42
H0074103,233.2216812341,128.0488615052,11.8870649151,5.165734778,SemiDetached,10,4,CatA,PrivateRented,CatC,FALSE,FALSE,FALSE,FALSE,42
H0074104,330.8492197787,196.5010894223,7.642127153,3.7176384457,Bungalow,10,3,CatD,PrivateRented,CatC,FALSE,FALSE,FALSE,FALSE,42
H0074106,657.2958027658,571.7890286626,14.1971927179,9.9825628097,Detached,10,4,CatD,OwnerOccupied,CatE,FALSE,FALSE,FALSE,FALSE,42
H0074108,943.9144905331,534.265945856,15.6002069511,10.5073189492,EndTerrace,10,4,CatA,OwnerOccupied,CatC,TRUE,TRUE,FALSE,FALSE,42
H0074109,579.606468387,423.6384761616,16.8600433822,12.0581653457,MidTerrace,10,4,CatA,OwnerOccupied,CatC,FALSE,FALSE,FALSE,FALSE,42
H0074201,712.9183728634,641.0326741189,22.3280438109,22.3280438109,SemiDetached,10,4,CatB,OwnerOccupied,CatD,FALSE,FALSE,FALSE,FALSE,42
H0074302,364.5843428912,383.3332244007,16.795634079,16.795634079,SemiDetached,10,4,CatC,PrivateRented,CatF,FALSE,FALSE,FALSE,FALSE,42
H0074305,379.3811299792,379.7749132385,12.0616569207,10.5079474448,SemiDetached,10,4,CatD,OwnerOccupied,CatE,FALSE,FALSE,TRUE,FALSE,42
H0074307,178.9071778417,103.58341214,7.9490609627,4.2866648653,Bungalow,10,2,CatC,PrivateRented,CatC,FALSE,FALSE,FALSE,FALSE,42
H0074402,401.8553945719,213.7101778746,15.5207103936,6.0223700556,SemiDetached,10,4,CatD,OwnerOccupied,CatF,FALSE,TRUE,FALSE,FALSE,42
H0074407,251.8889295797,188.0885741135,18.3471707748,14.7664000946,MidTerrace,10,4,CatC,RSL,CatB,TRUE,FALSE,FALSE,FALSE,42
H0074410,216.1322744707,175.0233263796,8.5649175755,3,MidTerrace,10,4,CatE,PrivateRented,CatF,FALSE,FALSE,FALSE,FALSE,42
H0074411,605.3182561626,459.2713341325,7.2729657239,3.511500936,Detached,10,4,CatD,OwnerOccupied,CatF,FALSE,FALSE,TRUE,FALSE,42
H0081102,594.8149587382,327.5494191082,15.0329402873,3,SemiDetached,10,4,CatA,OwnerOccupied,CatC,TRUE,FALSE,FALSE,FALSE,42
H0081103,266.9363150572,191.1899946547,7.9414378745,5.0987504621,Bungalow,10,1,CatD,LocalAuthority,CatF,FALSE,FALSE,FALSE,FALSE,42
H0081104,971.9143945053,1018.2225192617,9.6121603853,9.6121603853,Detached,10,4,CatC,OwnerOccupied,CatE,FALSE,FALSE,FALSE,FALSE,42
H0081110,600.5634614267,277.8053590446,14.0590916443,7.6325999685,EndTerrace,10,4,CatD,OwnerOccupied,CatA,FALSE,FALSE,FALSE,FALSE,42
H0081111,181.8713221996,194.9653565414,12.0130285452,12.0130285452,MidTerrace,10,4,CatC,LocalAuthority,CatF,FALSE,FALSE,FALSE,FALSE,42
H0081113,930.8116134232,520.3185826874,23.7580843622,18.1136604905,Detached,10,4,CatC,OwnerOccupied,CatD,FALSE,FALSE,FALSE,FALSE,42
H0081202,345.6515691283,249.4448948069,16.4569779464,16.4569779464,MidTerrace,10,4,CatB,OwnerOccupied,CatC,TRUE,FALSE,TRUE,FALSE,42
H0081203,85.474561355,58.7339077676,10.0956763693,3.150509957,Bungalow,10,2,CatE,RSL,CatB,FALSE,FALSE,TRUE,FALSE,42
H0081208,527.8384645069,532.8123438538,15.0148901586,13.3007579407,EndTerrace,10,4,CatB,OwnerOccupied,CatF,FALSE,FALSE,FALSE,FALSE,42
H0081404,903.8629445649,322.0899938661,21.5146454085,9.5776421203,SemiDetached,10,4,CatB,OwnerOccupied,CatC,TRUE,TRUE,FALSE,FALSE,42
H0081413,324.7424576379,202.4507012115,15.232761524,8.4183705503,MidTerrace,10,4,CatA,OwnerOccupied,CatC,FALSE,TRUE,FALSE,FALSE,42
H0082107,233.1634970545,108.8046003544,15.3017164701,9.2337550149,MidTerrace,10,4,CatF,OwnerOccupied,CatD,FALSE,FALSE,TRUE,TRUE,42
H0082112,349.6131637615,318.7078224125,19.4344140909,13.5259748431,SemiDetached,10,4,CatF,OwnerOccupied,CatF,FALSE,FALSE,TRUE,TRUE,42
H0082202,362.6615747698,354.2953353468,15.4996397163,15.4996397163,EndTerrace,10,4,CatB,OwnerOccupied,CatB,TRUE,FALSE,FALSE,FALSE,42
H0082203,294.4615249337,170.6711914151,5.4956834736,3,ConvertedFlat,10,2,CatA,PrivateRented,CatB,FALSE,FALSE,FALSE,FALSE,42
H0082206,723.6209922226,464.552704359,30,20.8154052038,SemiDetached,10,4,CatA,OwnerOccupied,CatE,FALSE,FALSE,FALSE,FALSE,42
H0082212,299.6389971496,202.7872252579,9.5022837785,4.9442214855,Bungalow,10,3,CatD,RSL,CatA,TRUE,FALSE,TRUE,FALSE,42
H0082303,331.6316570917,331.6316570917,23.058987117,23.058987117,SemiDetached,10,4,CatF,OwnerOccupied,CatD,TRUE,FALSE,TRUE,TRUE,42
H0082307,385.6259330486,229.2458669007,15.6078469647,10.3904138096,SemiDetached,10,4,CatB,OwnerOccupied,CatD,FALSE,FALSE,FALSE,FALSE,42
H0082309,277.1751845059,214.7451863802,12.3618025205,6.9893667208,SemiDetached,10,4,CatD,OwnerOccupied,CatE,FALSE,FALSE,FALSE,FALSE,42
H0082311,458.2324455829,287.9253826547,14.0205504344,10.6167702286,Detached,10,4,CatE,PrivateRented,CatE,FALSE,TRUE,FALSE,FALSE,42
H0082403,138.503796971,125.2371167345,13.0515307249,11.4745474723,MidTerrace,10,4,CatF,RSL,CatD,TRUE,FALSE,TRUE,TRUE,42
H0082406,381.2198810695,286.4004522475,11.1653142717,9.8313595971,SemiDetached,10,4,CatD,OwnerOccupied,CatC,FALSE,FALSE,FALSE,FALSE,42
H0082407,317.2182018008,241.136273322,20.7942291379,15.1537686422,MidTerrace,10,4,CatA,PrivateRented,CatD,FALSE,FALSE,FALSE,FALSE,42
H0082408,425.0032635559,373.0600312228,15.6467970833,15.6467970833,SemiDetached,10,4,CatC,RSL,CatB,TRUE,TRUE,FALSE,FALSE,42
H0082410,152.7240057539,153.2320987484,10.3916964724,10.3916964724,SemiDetached,10,4,CatF,OwnerOccupied,CatC,FALSE,FALSE,T,T,42
H0082414,516.4725040898,251.6117823461,14.7125269303,4.7109531869,SemiDetached,10,4,CatD,OwnerOccupied,CatF,FALSE,FALSE,FALSE,FALSE,42
H0083102,639.8713876029,318.2670637109,9.8743365884,7.325251134,SemiDetached,10,4,CatD,OwnerOccupied,CatF,FALSE,FALSE,FALSE,FALSE,42
H0083103,423.7665659742,229.9795994236,15.0617377135,11.7014854628,SemiDetached,10,4,CatD,OwnerOccupied,CatF,FALSE,TRUE,FALSE,FALSE,42
H0083105,340.0382314477,232.2727092597,12.2350137943,5.0260927378,Detached,10,4,CatE,OwnerOccupied,CatC,TRUE,FALSE,FALSE,FALSE,42
H0083106,337.6997602969,282.3954846629,15.8813275642,12.0261627128,SemiDetached,10,4,CatF,OwnerOccupied,CatD,FALSE,FALSE,TRUE,TRUE,42
H0083107,1411.3371576435,476.6229204562,19.3032448464,10.2341410286,SemiDetached,10,4,CatA,PrivateRented,CatC,TRUE,FALSE,FALSE,FALSE,42
H0083110,513.8454905435,539.3290424859,13.4276345608,13.4276345608,Detached,10,4,CatD,OwnerOccupied,CatF,FALSE,FALSE,FALSE,FALSE,42
H0083111,253.6836434753,267.8008268633,12.482516748,12.482516748,SemiDetached,10,4,CatD,OwnerOccupied,CatF,FALSE,TRUE,FALSE,FALSE,42
H0083114,318.5356534169,265.8441088551,11.1778745779,11.1778745779,SemiDetached,10,4,CatD,OwnerOccupied,CatE,FALSE,FALSE,FALSE,FALSE,42
H0083202,283.2160097775,291.9179507562,11.4517985426,11.4517985426,EndTerrace,10,4,CatC,OwnerOccupied,CatF,FALSE,TRUE,FALSE,FALSE,42
H0083205,791.2737069341,582.5356836445,17.2258457514,17.2258457514,Detached,10,4,CatC,PrivateRented,CatC,FALSE,FALSE,FALSE,FALSE,42
H0083302,532.8793278675,556.210987831,16.110577125,16.110577125,Detached,10,4,CatC,OwnerOccupied,CatE,FALSE,FALSE,TRUE,FALSE,42
H0083303,456.8702949959,496.5470844118,15.2757215885,15.2757215885,Detached,10,4,CatE,OwnerOccupied,CatF,FALSE,TRUE,FALSE,FALSE,42
H0083306,396.0290180732,286.6097645624,11.2139036902,8.3945892653,Detached,10,4,CatD,OwnerOccupied,CatF,FALSE,TRUE,FALSE,FALSE,42
H0083310,110.3619218193,98.1797792829,7.603096069,5.2132649338,Bungalow,10,1,CatE,PrivateRented,CatF,FALSE,FALSE,FALSE,FALSE,42
H0083311,397.7286923246,277.9296639192,11.7277509614,10.3191478075,SemiDetached,10,4,CatC,OwnerOccupied,CatF,FALSE,TRUE,FALSE,FALSE,42
H0083404,619.0196613814,354.7398668751,25.1967872571,15.2663286853,MidTerrace,10,4,CatA,OwnerOccupied,CatE,FALSE,FALSE,FALSE,FALSE,42
H0083411,222.7113830449,180.0849032794,14.4084745055,14.4084745055,MidTerrace,10,4,CatF,OwnerOccupied,CatE,FALSE,FALSE,TRUE,TRUE,42
H0084104,588.2175045093,276.6980702119,15.35081356,11.8052109541,SemiDetached,10,4,CatB,OwnerOccupied,CatF,FALSE,TRUE,FALSE,FALSE,42
H0084105,412.2566669722,240.1371741468,13.5108160587,4.722618193,EndTerrace,10,4,CatD,PrivateRented,CatE,FALSE,FALSE,FALSE,FALSE,42
H0084107,710.8446830103,306.8562676641,15.5231516789,12.4088795056,SemiDetached,10,4,CatA,OwnerOccupied,CatB,FALSE,FALSE,TRUE,FALSE,42
H0084110,1036.3568773325,566.5607163326,18.406123268,11.476079358,Detached,10,4,CatD,OwnerOccupied,CatF,FALSE,TRUE,FALSE,FALSE,42
H0084112,234.708456097,210.1899492293,14.2257430202,9.5490258733,MidTerrace,10,4,CatF,RSL,CatA,TRUE,FALSE,TRUE,TRUE,42
H0084115,453.15231191,361.2761002816,15.2529371519,11.6048963448,Detached,10,4,CatF,OwnerOccupied,CatC,TRUE,FALSE,TRUE,TRUE,42
H0084201,763.3367939034,333.4720470671,20.0224465079,8.9082959802,SemiDetached,10,4,CatA,OwnerOccupied,CatC,FALSE,FALSE,FALSE,FALSE,42
H0084202,701.5586150531,343.2568195797,19.3718514445,15.2106274022,SemiDetached,10,4,CatC,OwnerOccupied,CatE,FALSE,FALSE,FALSE,FALSE,42
H0084204,359.4731142564,232.2368062989,15.0117815937,6.9416095608,EndTerrace,10,4,CatF,RSL,CatE,FALSE,FALSE,TRUE,TRUE,42
H0084206,319.9373535908,279.6800394282,11.7586086858,11.7586086858,SemiDetached,10,4,CatC,RSL,CatF,FALSE,FALSE,TRUE,FALSE,42
H0084207,159.7846821539,115.6361527736,13.3807218433,10.4595518461,MidTerrace,10,4,CatF,OwnerOccupied,CatE,FALSE,FALSE,TRUE,TRUE,42
H0084210,517.0980619009,522.5843849745,15.9469907338,13.9128071124,EndTerrace,10,4,CatD,OwnerOccupied,CatD,FALSE,FALSE,FALSE,FALSE,42
H0084304,202.0683872286,214.6118189835,12.0699642144,12.0699642144,MidTerrace,10,4,CatD,OwnerOccupied,CatD,FALSE,TRUE,FALSE,FALSE,42
H0084305,525.0507062722,366.9709237386,16.6963930262,16.6963930262,SemiDetached,10,4,CatB,RSL,CatE,FALSE,FALSE,TRUE,TRUE,42
H0084311,98.0440768396,83.8114743403,11.7319227294,8.837406632,Bungalow,10,2,CatF,PrivateRented,CatF,FALSE,FALSE,TRUE,TRUE,42
H0084312,697.8590508486,424.4783555409,18.7851281147,13.9094974015,SemiDetached,10,4,CatB,OwnerOccupied,CatE,FALSE,FALSE,FALSE,FALSE,42
H0084403,391.6500473427,247.3135634771,11.2025980003,8.2047299316,SemiDetached,10,4,CatE,PrivateRented,CatB,FALSE,TRUE,TRUE,FALSE,42
H0084406,819.2136060287,494.9515929805,15.5210664253,5.1124283481,Detached,10,4,CatC,OwnerOccupied,CatD,TRUE,FALSE,FALSE,FALSE,42
H0084408,291.2557134367,207.7271279588,14.2248435601,8.9142638566,SemiDetached,10,4,CatE,OwnerOccupied,CatB,FALSE,FALSE,FALSE,FALSE,42
H0084409,550.6151721883,241.8687429385,15.1320917463,4.4708625798,EndTerrace,10,4,CatC,RSL,CatD,TRUE,FALSE,TRUE,FALSE,42
H0084413,145.7589146128,145.7589146128,11.3193697097,11.3193697097,Bungalow,10,3,CatF,PrivateRented,CatA,FALSE,FALSE,TRUE,TRUE,42
H0091102,761.6693741523,265.3984072361,20.5263102206,13.2524818758,SemiDetached,10,4,CatA,OwnerOccupied,CatF,FALSE,TRUE,FALSE,FALSE,42
H0091104,1010.2050630905,365.8412559047,16.4806369023,10.5704436234,Detached,10,4,CatB,OwnerOccupied,CatF,FALSE,FALSE,FALSE,FALSE,42
H0091105,214.7808544615,138.1475923885,14.3618835769,9.093980122,MidTerrace,10,4,CatD,RSL,CatF,FALSE,TRUE,FALSE,FALSE,42
H0091109,399.0158714315,232.9483653538,17.0930177854,13.2015895165,SemiDetached,10,4,CatB,OwnerOccupied,CatF,FALSE,FALSE,TRUE,FALSE,42
H0091211,432.8060602338,302.1625694023,14.2937184792,10.2883796906,SemiDetached,10,4,CatD,OwnerOccupied,CatD,TRUE,FALSE,FALSE,FALSE,42
H0091213,143.9343659804,141.3033076775,9.9655791677,9.9655791677,Bungalow,10,2,CatF,RSL,CatF,FALSE,FALSE,TRUE,TRUE,42
H0091302,352.8150761639,262.4741699813,10.3140397317,10.3140397317,Detached,10,4,CatE,OwnerOccupied,CatF,FALSE,FALSE,FALSE,FALSE,42
H0091312,927.1391478919,393.222078484,10.7708478276,6.5538769555,Detached,10,4,CatD,OwnerOccupied,CatF,FALSE,FALSE,FALSE,FALSE,42
H0091409,425.370223956,294.0724082274,13.3896626306,13.3896626306,Detached,10,4,CatF,OwnerOccupied,CatB,TRUE,FALSE,T,T,42
H0092203,554.4606253347,289.2748057931,13.5846071802,9.8562033409,Detached,10,4,CatD,OwnerOccupied,CatE,FALSE,FALSE,FALSE,FALSE,42
H0092211,655.0669193688,704.6646156531,16.6777453051,16.6777453051,Detached,10,4,CatD,OwnerOccupied,CatE,FALSE,FALSE,FALSE,FALSE,42
H0092307,605.6683915686,433.4210894159,15.4720297887,13.481986629,Detached,10,4,CatE,OwnerOccupied,CatC,TRUE,FALSE,FALSE,FALSE,42
H0092309,705.6698701096,642.9559204284,15.7243618977,15.7243618977,Detached,10,4,CatD,OwnerOccupied,CatE,FALSE,FALSE,TRUE,FALSE,42
H0092311,549.0401650858,582.0183267418,13.5665663174,13.5665663174,Detached,10,4,CatE,OwnerOccupied,CatF,FALSE,FALSE,TRUE,FALSE,42
H0092402,576.5694108518,359.9995119416,16.789259117,13.3772382339,Detached,10,4,CatE,OwnerOccupied,CatF,FALSE,FALSE,FALSE,FALSE,42
H0093102,623.8063426274,657.9444709208,16.1931100461,16.1931100461,Detached,10,4,CatB,OwnerOccupied,CatC,TRUE,FALSE,FALSE,FALSE,42
H0093103,279.4431268364,297.7847461064,12.5541662185,12.5541662185,MidTerrace,10,4,CatD,RSL,CatF,FALSE,FALSE,FALSE,FALSE,42
H0093106,223.0828348432,193.2856563687,8.7226239473,5.7081218021,SemiDetached,10,4,CatD,OwnerOccupied,CatE,FALSE,FALSE,FALSE,FALSE,42
H0093109,191.2943370875,133.7003431257,8.796341372,8.796341372,Bungalow,10,2,CatF,RSL,CatB,FALSE,FALSE,TRUE,TRUE,42
H0093111,587.7912492984,389.2156660591,15.294667631,13.4168381217,Detached,10,4,CatF,OwnerOccupied,CatD,TRUE,FALSE,TRUE,TRUE,42
H0093112,367.2509002143,243.1543934806,13.4023250366,11.7585906697,SemiDetached,10,4,CatF,OwnerOccupied,CatF,FALSE,FALSE,TRUE,TRUE,42
H0093201,168.7267552061,165.4734867626,8.182162844,5.1012229736,Bungalow,10,1,CatD,RSL,CatA,TRUE,FALSE,TRUE,FALSE,42
H0093202,558.51458293,408.9154118905,16.6534874696,8.2376498549,SemiDetached,10,4,CatC,PrivateRented,CatB,TRUE,FALSE,FALSE,FALSE,42
H0093205,583.8173584403,408.0443903077,19.5336786207,19.5336786207,MidTerrace,10,4,CatF,OwnerOccupied,CatC,TRUE,FALSE,TRUE,TRUE,42
H0093210,336.4574379605,264.8522041298,15.5916024593,7.03966095,SemiDetached,10,4,CatF,OwnerOccupied,CatB,FALSE,FALSE,T,T,42
H0093211,566.0875295555,286.7891409127,22.430016348,9.6203480365,Detached,10,4,CatD,OwnerOccupied,CatD,TRUE,FALSE,FALSE,FALSE,42
H0093213,765.897553741,572.853124602,21.7076974605,21.7076974605,Detached,10,4,CatC,OwnerOccupied,CatF,FALSE,FALSE,FALSE,FALSE,42
H0094109,840.5031073837,840.5031073837,17.031144164,17.031144164,Detached,10,4,CatF,OwnerOccupied,CatC,TRUE,FALSE,TRUE,TRUE,42
H0094307,512.4421997845,360.4834417692,15.8173598142,13.8463060904,Detached,10,4,CatE,OwnerOccupied,CatE,FALSE,FALSE,FALSE,FALSE,42
H0094308,663.0222985233,214.1684704893,17.8598646266,5.8129563192,SemiDetached,10,4,CatA,OwnerOccupied,CatE,FALSE,FALSE,FALSE,FALSE,42
H0094401,553.9960236723,477.5470508229,23.3081852486,23.3081852486,SemiDetached,10,4,CatC,OwnerOccupied,CatC,TRUE,FALSE,FALSE,FALSE,42
H0094411,262.8333160847,278.2275175638,13.16128897,13.16128897,EndTerrace,10,4,CatD,RSL,CatD,FALSE,FALSE,FALSE,FALSE,42
H0101102,236.7878423036,161.2288300545,11.3521939815,7.4611411972,SemiDetached,10,4,CatD,RSL,CatF,FALSE,FALSE,TRUE,FALSE,42
H0101105,1226.9579562246,526.2926904612,17.9002820934,9.6852461386,Detached,10,4,CatA,OwnerOccupied,CatC,TRUE,FALSE,TRUE,FALSE,42
H0101106,214.2841470132,223.4036874036,8.8898437259,8.8898437259,SemiDetached,10,4,CatC,RSL,CatF,FALSE,TRUE,TRUE,FALSE,42
H0101202,946.691055456,503.6073403736,17.5998350789,10.8156143483,Detached,10,4,CatD,OwnerOccupied,CatC,TRUE,FALSE,FALSE,FALSE,42
H0101204,99.3390112465,90.8198949578,12.531794941,10.9299494289,Bungalow,10,2,CatE,RSL,CatD,FALSE,FALSE,TRUE,TRUE,42
H0101206,817.0725362508,887.8613306634,19.6980298316,19.6980298316,Detached,10,4,CatC,OwnerOccupied,CatF,FALSE,FALSE,FALSE,FALSE,42
H0101207,552.1579044483,473.5477196416,15.1532650958,13.2338883305,Detached,10,4,CatD,PrivateRented,CatC,TRUE,FALSE,FALSE,FALSE,42
H0101307,1598.2201193618,651.57413507,13.5356946969,8.5436572232,SemiDetached,10,4,CatB,OwnerOccupied,CatF,FALSE,FALSE,FALSE,FALSE,42
H0101406,88.6810188906,88.6810188906,8.9127985011,8.9127985011,Bungalow,10,3,CatF,RSL,CatF,FALSE,FALSE,TRUE,TRUE,42
H0101407,429.569422051,386.949231267,29.3790519093,23.3204403811,MidTerrace,10,4,CatA,OwnerOccupied,CatD,FALSE,FALSE,FALSE,FALSE,42
H0102109,442.0503087958,329.2442454218,10.9346638105,10.9346638105,Detached,10,4,CatD,OwnerOccupied,CatF,FALSE,FALSE,FALSE,FALSE,42
H0102111,392.5360990731,291.1865964881,13.7585523145,13.7585523145,SemiDetached,10,4,CatD,OwnerOccupied,CatF,FALSE,FALSE,FALSE,FALSE,42
H0102303,271.8248318054,200.1295770368,15.1668209128,11.4085063291,MidTerrace,10,4,CatD,RSL,CatB,TRUE,FALSE,FALSE,FALSE,42
H0102304,270.6657158397,289.9937083194,12.1218388855,12.1218388855,MidTerrace,10,4,CatC,RSL,CatF,FALSE,FALSE,FALSE,FALSE,42
H0103101,278.6224871014,180.5198445675,15.967534585,12.4307351252,MidTerrace,10,4,CatD,OwnerOccupied,CatF,FALSE,FALSE,FALSE,FALSE,42
H0103103,402.7100505241,290.0623773643,19.9942903074,16.4064347681,EndTerrace,10,4,CatF,OwnerOccupied,CatE,FALSE,FALSE,T,T,42
H0103104,1356.8918456575,658.5467435042,21.7950333902,16.5751971911,Detached,10,4,CatB,PrivateRented,CatE,FALSE,TRUE,FALSE,FALSE,42
H0103106,377.5667480954,311.8429313591,16.2249642359,10.0704164931,SemiDetached,10,4,CatC,RSL,CatD,FALSE,FALSE,FALSE,FALSE,42
H0103107,306.6309875395,293.5972852616,17.0288010981,10.0289000917,MidTerrace,10,4,CatB,RSL,CatE,FALSE,FALSE,FALSE,FALSE,42
H0103108,1054.2399439219,390.2520550203,20.4928233649,10.9631785486,SemiDetached,10,4,CatA,OwnerOccupied,CatF,FALSE,TRUE,FALSE,FALSE,42
H0103202,1318.9179389446,730.7137656434,20.6326250141,10.824570388,Detached,10,4,CatA,OwnerOccupied,CatE,FALSE,FALSE,FALSE,FALSE,42
H0103207,265.5555711148,186.313809222,25.3886188714,18.2034264382,EndTerrace,10,4,CatA,PrivateRented,CatC,TRUE,FALSE,FALSE,FALSE,42
H0103208,412.6074507743,219.8010131694,19.3677662114,7.7787627237,SemiDetached,10,4,CatF,OwnerOccupied,CatF,FALSE,FALSE,T,T,42
H0103304,360.7602360567,195.7357991364,25.2391197241,17.8967773817,SemiDetached,10,4,CatB,OwnerOccupied,CatF,FALSE,FALSE,FALSE,FALSE,42
H0103310,734.0822769012,258.2383937609,17.3131924851,9.0896323237,SemiDetached,10,4,CatA,OwnerOccupied,CatD,FALSE,FALSE,FALSE,FALSE,42
H0103402,904.3844104676,566.8698877829,27.6268471224,14.4473801922,Detached,10,4,CatA,OwnerOccupied,CatC,FALSE,FALSE,FALSE,FALSE,42
H0103408,359.099796399,367.4484714161,10.8537099048,9.5066382208,Detached,10,4,CatC,OwnerOccupied,CatF,FALSE,TRUE,FALSE,FALSE,42
H0104104,483.0834382518,360.2494329164,19.4482335578,19.4482335578,SemiDetached,10,4,CatD,OwnerOccupied,CatE,FALSE,FALSE,FALSE,FALSE,42
H0104108,255.2727206511,223.7576391841,7.1680515233,7.1680515233,Bungalow,10,1,CatE,RSL,CatE,FALSE,FALSE,TRUE,FALSE,42
H0104204,875.1681001225,512.3491476397,11.3970687602,6.4831235513,ConvertedFlat,10,3,CatA,PrivateRented,CatD,FALSE,FALSE,FALSE,FALSE,42
H0104205,318.6228031008,250.7725517688,10.413801544,7.2998331587,Bungalow,10,1,CatD,PrivateRented,CatC,FALSE,FALSE,FALSE,FALSE,42
H0104304,449.0144693308,353.8125462858,15.8721374073,11.7854563155,Bungalow,10,3,CatF,OwnerOccupied,CatE,FALSE,FALSE,TRUE,TRUE,42
H0104305,311.3701611758,181.5169514552,14.6199057302,9.1205879657,MidTerrace,10,4,CatD,RSL,CatF,FALSE,TRUE,FALSE,FALSE,42
H0104309,321.8605832884,321.8605832884,9.9914300439,9.9914300439,Bungalow,10,1,CatF,PrivateRented,CatA,FALSE,TRUE,TRUE,TRUE,42
H0104310,547.7759804049,441.1023111546,15.8991001741,14.0381499099,SemiDetached,10,4,CatB,OwnerOccupied,CatC,TRUE,FALSE,FALSE,FALSE,42
H0104405,294.6577126283,313.421512471,11.6069432699,11.6069432699,Bungalow,10,1,CatF,OwnerOccupied,CatF,FALSE,FALSE,T,T,42
H0104408,633.8617307239,414.6140699892,10.2286160076,4.5729690031,Detached,10,4,CatD,OwnerOccupied,CatE,FALSE,FALSE,TRUE,FALSE,42
H0104410,273.7019814584,165.0966201608,15.4818824053,10.5077874907,SemiDetached,10,4,CatB,PrivateRented,CatE,FALSE,FALSE,FALSE,FALSE,42
H0111203,647.0568677059,448.982248959,16.3604249522,10.0776201943,Detached,10,4,CatB,OwnerOccupied,CatF,FALSE,TRUE,FALSE,FALSE,42
H0111205,337.9343443895,150.320207851,13.9770909472,5.490284465,EndTerrace,10,4,CatD,OwnerOccupied,CatC,TRUE,FALSE,FALSE,FALSE,42
H0111302,586.7058357319,610.5514292433,18.4741196249,18.4741196249,SemiDetached,10,4,CatC,OwnerOccupied,CatC,TRUE,FALSE,TRUE,FALSE,42
H0111305,335.8126154563,206.2576075966,19.0315205389,15.2210893727,MidTerrace,10,4,CatC,RSL,CatD,FALSE,FALSE,FALSE,FALSE,42
H0111401,325.7142430907,266.7401187432,12.4696520594,8.0559313518,Detached,10,4,CatE,OwnerOccupied,CatE,FALSE,FALSE,TRUE,FALSE,42
H0112107,439.0693520711,279.8198231626,14.1819101918,10.4890817274,SemiDetached,10,4,CatA,OwnerOccupied,CatC,TRUE,FALSE,FALSE,FALSE,42
H0112108,321.6341346223,209.6793389972,14.6213231774,9.6917867398,MidTerrace,10,4,CatA,PrivateRented,CatB,FALSE,FALSE,FALSE,FALSE,42
H0112109,79.4466937607,71.9772081219,12.6032953661,10.7954420812,Bungalow,10,3,CatE,OwnerOccupied,CatF,FALSE,FALSE,TRUE,FALSE,42
H0112204,985.0125165362,434.0875039312,13.7961863437,8.3723452841,Detached,10,4,CatB,OwnerOccupied,CatD,FALSE,FALSE,FALSE,FALSE,42
H0112301,640.1114747214,250.5321732395,15.0517852869,9.3601965019,Detached,10,4,CatB,OwnerOccupied,CatF,FALSE,TRUE,FALSE,FALSE,42
H0112306,557.6322117092,538.1139741517,11.8039382135,6.8752458789,Detached,10,4,CatD,OwnerOccupied,CatF,FALSE,FALSE,FALSE,FALSE,42
H0112308,660.9793688149,397.7982196394,14.7307814497,3.7676996186,Detached,10,4,CatD,OwnerOccupied,CatD,TRUE,FALSE,FALSE,FALSE,42
H0112402,288.7973560026,205.2815284104,5.0971336809,5.0971336809,Bungalow,10,1,CatD,RSL,CatF,FALSE,FALSE,FALSE,FALSE,42
H0112406,510.849407258,536.4923606651,16.7459852046,16.7459852046,SemiDetached,10,4,CatC,LocalAuthority,CatE,FALSE,FALSE,FALSE,FALSE,42
H0113103,677.6847275793,341.6969842114,18.2570030596,11.7659136236,EndTerrace,10,4,CatA,PrivateRented,CatC,FALSE,FALSE,FALSE,FALSE,42
H0113201,210.6857834741,181.9114946138,10.7384216075,7.3074736252,Bungalow,10,1,CatD,OwnerOccupied,CatE,FALSE,FALSE,FALSE,FALSE,42
H0113206,418.5506911411,209.1065406106,14.8262784824,4.4481595041,Detached,10,4,CatC,OwnerOccupied,CatE,FALSE,FALSE,FALSE,FALSE,42
H0113301,110.208681931,100.5040185788,11.4034248149,8.7000494158,MidTerrace,10,4,CatE,PrivateRented,CatA,FALSE,FALSE,FALSE,FALSE,42
H0113304,405.3068756721,342.774803034,23.9365882532,14.3266854125,Detached,10,4,CatC,OwnerOccupied,CatD,FALSE,FALSE,FALSE,FALSE,42
H0113307,512.3032178862,310.9843510136,10.423098835,7.4611467203,Detached,10,4,CatF,OwnerOccupied,CatF,FALSE,FALSE,T,T,42
H0113402,207.5760872268,163.5598973531,14.2906284928,10.8125314541,MidTerrace,10,4,CatF,RSL,CatC,TRUE,FALSE,TRUE,TRUE,42
H0113403,412.5226226923,434.2459711088,10.3373363255,10.3373363255,Detached,10,4,CatD,OwnerOccupied,CatC,FALSE,FALSE,FALSE,FALSE,42
H0113407,539.9067812648,312.4753978848,17.7567650872,11.1830967341,Detached,10,4,CatF,OwnerOccupied,CatD,TRUE,FALSE,TRUE,TRUE,42
H0113408,428.2778050769,450.6153328244,16.9373424158,16.9373424158,SemiDetached,10,4,CatC,OwnerOccupied,CatE,FALSE,FALSE,FALSE,FALSE,42
H0113411,493.2628087124,332.7649694277,14.8946067101,11.5141153263,MidTerrace,10,4,CatB,OwnerOccupied,CatB,FALSE,FALSE,FALSE,FALSE,42
H0114102,413.9967749388,362.8135685888,16.0353754665,16.0353754665,SemiDetached,10,4,CatC,LocalAuthority,CatD,FALSE,FALSE,TRUE,FALSE,42
H0114103,617.0661881874,640.9740177898,9.9724249322,9.9724249322,Detached,10,4,CatB,OwnerOccupied,CatF,FALSE,TRUE,FALSE,FALSE,42
H0114201,447.3275083707,375.7504503631,12.0979746739,10.5684987413,Detached,10,4,CatC,OwnerOccupied,CatF,FALSE,FALSE,FALSE,FALSE,42
H0114205,459.0923865598,430.257479149,16.5336385414,14.6244064215,Detached,10,4,CatF,OwnerOccupied,CatD,FALSE,FALSE,T,T,42
H0114301,514.817005185,251.6463929393,15.1957279306,11.7606253317,SemiDetached,10,4,CatC,OwnerOccupied,CatD,TRUE,FALSE,FALSE,FALSE,42
H0114303,599.6890141476,422.9950463564,15.049007741,13.0647648877,Detached,10,4,CatE,OwnerOccupied,CatC,TRUE,FALSE,FALSE,FALSE,42
H0114305,612.388152186,279.4161073812,16.1093552864,10.5671127739,SemiDetached,10,4,CatC,OwnerOccupied,CatF,FALSE,FALSE,FALSE,FALSE,42
H0114309,739.3144653298,744.1559061832,14.9303139468,12.9616559373,Detached,10,4,CatE,OwnerOccupied,CatC,TRUE,TRUE,TRUE,FALSE,42
H0114402,756.0157947029,645.1789549531,13.7305089488,11.9650318189,Detached,10,4,CatC,OwnerOccupied,CatC,TRUE,FALSE,FALSE,FALSE,42
H0121104,466.0438299903,238.1147525297,10.4459040767,3,Detached,10,4,CatE,OwnerOccupied,CatE,FALSE,FALSE,TRUE,FALSE,42
H0121106,645.7364721448,649.1125841975,19.0719110568,17.0110186431,SemiDetached,10,4,CatB,OwnerOccupied,CatE,FALSE,FALSE,FALSE,FALSE,42
H0121203,190.1028462673,130.5431936871,10.7354073249,7.8147896062,ConvertedFlat,10,1,CatA,PrivateRented,CatE,FALSE,FALSE,FALSE,FALSE,42
H0121402,151.7772002437,74.373143161,11.9885828943,6.0542343616,ConvertedFlat,10,1,CatA,PrivateRented,CatC,FALSE,TRUE,FALSE,FALSE,42
H0121403,426.1117808253,266.369528707,12.8825799769,9.2858644551,ConvertedFlat,10,1,CatA,OwnerOccupied,CatC,FALSE,TRUE,TRUE,FALSE,42
H0122107,117.5162341815,117.5162341815,10.4458242055,10.4458242055,Bungalow,10,2,CatF,PrivateRented,CatA,FALSE,FALSE,TRUE,TRUE,42
H0122202,241.4844931025,79.2520504473,9.8958649616,3,ConvertedFlat,10,2,CatA,PrivateRented,CatB,FALSE,FALSE,FALSE,FALSE,42
H0122206,520.6003114061,210.3481386438,13.755552518,7.7386517136,ConvertedFlat,10,1,CatB,OwnerOccupied,CatB,FALSE,FALSE,FALSE,FALSE,42
H0122209,394.7890064804,204.2786046346,15.8309315391,6.3080205771,SemiDetached,10,4,CatB,PrivateRented,CatC,TRUE,FALSE,FALSE,FALSE,42
H0122303,370.7748171873,274.69548656,12.5836128419,12.5836128419,EndTerrace,10,4,CatE,RSL,CatB,TRUE,FALSE,FALSE,FALSE,42
H0123103,176.4440624152,144.4291405734,11.5223914176,3.9986041077,Bungalow,10,1,CatF,RSL,CatB,TRUE,FALSE,TRUE,TRUE,42
H0123202,323.6366819412,184.9824333252,9.6000252445,6.5159085679,ConvertedFlat,10,1,CatA,PrivateRented,CatA,FALSE,FALSE,FALSE,FALSE,42
H0123203,319.094843512,320.701522828,14.2360220027,14.2360220027,EndTerrace,10,4,CatF,PrivateRented,CatA,FALSE,FALSE,T,T,42
H0123205,108.4478672499,47.079194424,15.1057379336,7.6283976565,ConvertedFlat,10,2,CatA,PrivateRented,CatD,FALSE,TRUE,FALSE,FALSE,42
H0123206,44.6139509426,38.88388124,14.166315445,10.3287090736,Bungalow,10,2,CatE,LocalAuthority,CatF,FALSE,FALSE,FALSE,FALSE,42
H0124101,183.6813740672,186.6532625968,9.3028530251,4.3067586913,ConvertedFlat,10,2,CatB,OwnerOccupied,CatC,FALSE,FALSE,FALSE,FALSE,42
H0124104,262.6480083595,137.5486891035,8.6550707462,5.9994108778,ConvertedFlat,10,1,CatA,OwnerOccupied,CatB,TRUE,FALSE,FALSE,FALSE,42
H0124106,570.4600747578,294.9314645584,16.6336479445,3.3392926845,Detached,10,4,CatB,PrivateRented,CatA,FALSE,FALSE,FALSE,FALSE,42
H0124107,375.3215325412,182.4219782065,14.3628670655,4.4140720819,SemiDetached,10,4,CatF,RSL,CatE,TRUE,FALSE,T,T,42
H0124201,573.6364237922,465.4296519956,15.6367198288,8.9733430045,Detached,10,4,CatD,PrivateRented,CatC,TRUE,FALSE,FALSE,FALSE,42
H0124202,691.1553997446,508.8766258175,18.0227756195,18.0227756195,Detached,10,4,CatB,OwnerOccupied,CatF,FALSE,FALSE,FALSE,FALSE,42
H0124203,215.6371197613,177.7720003981,13.2204863273,8.0789111959,SemiDetached,10,4,CatE,RSL,CatD,FALSE,FALSE,FALSE,FALSE,42
H0124304,525.2299983158,240.5797405487,10.9129058318,8.2562382711,Detached,10,4,CatC,OwnerOccupied,CatF,FALSE,FALSE,FALSE,FALSE,42
H0124401,248.8463425056,177.5108263993,13.0616211162,10.0050324083,EndTerrace,10,4,CatE,OwnerOccupied,CatB,TRUE,FALSE,TRUE,FALSE,42
H0124402,459.6998189668,201.7486365954,16.4741264415,4.6121617103,SemiDetached,10,4,CatB,RSL,CatC,TRUE,TRUE,TRUE,FALSE,42
H0131101,327.3886642383,235.4918792964,15.2402298595,11.86178409,EndTerrace,10,4,CatB,PrivateRented,CatB,TRUE,FALSE,FALSE,FALSE,42
H0131102,183.174795628,119.3644724763,13.8503526337,10.2613913728,ConvertedFlat,10,2,CatA,OwnerOccupied,CatF,FALSE,FALSE,FALSE,FALSE,42
H0131104,268.248262463,254.2855619467,8.4223910339,3.6416344102,Bungalow,10,1,CatC,LocalAuthority,CatE,FALSE,FALSE,FALSE,FALSE,42
H0131109,1337.3268684836,702.2837382175,22.5806848204,11.8837751445,Detached,10,4,CatA,PrivateRented,CatC,FALSE,TRUE,FALSE,FALSE,42
H0131110,513.097651624,343.5815158677,19.0221533584,11.8073713443,MidTerrace,10,4,CatC,LocalAuthority,CatC,TRUE,FALSE,FALSE,FALSE,42
H0131113,634.2378251198,356.4561860239,14.0779598878,10.5436731067,Detached,10,4,CatF,PrivateRented,CatB,TRUE,FALSE,T,T,42
H0131117,1433.2046712177,1019.5736809229,16.81063863,14.802844533,Detached,10,4,CatD,OwnerOccupied,CatE,FALSE,FALSE,FALSE,FALSE,42
H0131202,596.1248324352,445.3216261212,19.0524856018,10.1938990253,SemiDetached,10,4,CatC,OwnerOccupied,CatC,TRUE,FALSE,FALSE,FALSE,42
H0131207,1309.7063990305,975.1206093211,27.3686118107,27.3686118107,Detached,10,4,CatA,OwnerOccupied,CatE,FALSE,FALSE,FALSE,FALSE,42
