code,age, sex, smokes,samplesize
H0012404,63,MALE,false,99446
H0012404,60,FEMALE,false,10468
H0012406,39,MALE,false,43373
H0013406,71,FEMALE,false,43511
H0022208,61,MALE,false,47498
H0022208,58,FEMALE,false,3958
H0022211,83,MALE,false,12539
H0022211,76,FEMALE,false,1393
H0022302,65,MALE,false,35138
H0022302,53,FEMALE,false,3721
H0023204,63,MALE,false,37357
H0023204,49,FEMALE,false,3956
H0023204,20,FEMALE,false,3956
H0024211,69,MALE,false,25704
H0024211,61,FEMALE,false,3213
H0024309,52,FEMALE,false,32727
H0024309,54,MALE,false,3850
H0024309,20,MALE,false,3850
H0031206,34,MALE,false,37832
H0032301,74,FEMALE,false,50860
H0033102,39,MALE,false,25097
H0033102,16,FEMALE,false,2282
H0033305,67,MALE,false,33961
H0034109,64,MALE,false,42355
H0034408,38,MALE,false,57038
H0051411,72,MALE,false,30070
H0051411,68,FEMALE,false,4296
H0051411,21,MALE,false,4296
H0052402,62,MALE,false,38718
H0052402,64,FEMALE,false,4555
H0052404,83,FEMALE,false,42787
H0053101,78,MALE,false,33483
H0053101,72,FEMALE,false,3545
H0061105,40,FEMALE,false,48076
H0061105,25,MALE,false,5495
H0061105,12,MALE,false,5495
H0061405,36,MALE,false,57267
H0061405,35,FEMALE,false,7636
H0061405,0,FEMALE,false,7636
H0062109,38,MALE,false,50668
H0062109,38,FEMALE,false,4606
H0062109,15,FEMALE,false,4606
H0062109,13,MALE,false,4606
H0062109,12,FEMALE,false,4606
H0062207,48,MALE,false,43376
H0062207,46,FEMALE,false,4593
H0073410,71,MALE,false,15485
H0073410,71,FEMALE,false,3097
H0074109,35,FEMALE,false,31995
H0074109,35,MALE,false,3478
H0074201,48,MALE,false,41035
H0074201,46,FEMALE,false,4436
H0074201,20,FEMALE,false,4436
H0074201,18,MALE,false,4436
H0081103,76,MALE,false,20714
H0081104,63,MALE,false,33394
H0081104,61,FEMALE,false,3929
H0081413,43,MALE,false,35762
H0082212,21,MALE,false,44774
H0082212,20,FEMALE,false,1947
H0082212,1,FEMALE,false,1947
H0083102,71,MALE,false,26347
H0083102,68,FEMALE,false,3764
H0083102,26,MALE,false,3764
H0083102,28,MALE,false,3764
H0083202,74,FEMALE,false,16119
H0084104,70,MALE,false,31782
H0084104,68,FEMALE,false,3345
H0084112,27,MALE,false,45074
H0084112,23,FEMALE,false,2651
H0084112,3,MALE,false,2651
H0084112,1,FEMALE,false,2651
H0084413,19,MALE,false,90539
H0092211,60,MALE,false,38429
H0092211,54,FEMALE,false,4069
H0094307,62,MALE,false,39909
H0094307,58,FEMALE,false,4226
H0094401,47,FEMALE,false,27405
H0094401,44,MALE,false,3915
H0094401,13,FEMALE,false,3915
H0103103,60,FEMALE,false,33936
H0104205,42,FEMALE,false,76351
H0104205,19,MALE,false,8483
H0104405,88,MALE,false,21992
H0104405,86,FEMALE,false,3383
H0112204,46,MALE,false,43195
H0112204,43,FEMALE,false,4547
H0112204,20,MALE,false,4547
H0112204,21,FEMALE,false,4547
H0113103,29,FEMALE,false,38283
H0113103,37,MALE,false,3480
H0114205,51,MALE,false,26571
H0114205,53,FEMALE,false,2813
H0121106,64,MALE,false,36288
H0121106,70,FEMALE,false,3923
H0122107,22,MALE,false,34976
H0122107,23,FEMALE,false,4115
H0122303,30,FEMALE,false,31190
H0122303,8,FEMALE,false,1642
H0131113,35,MALE,false,44842
H0131113,32,FEMALE,false,2803
H0131113,9,MALE,false,2803
H0131211,80,MALE,false,48236
H0131211,79,FEMALE,false,5360
H0131215,84,FEMALE,false,46775
H0131215,59,FEMALE,false,5381
H0132302,46,MALE,false,25178
H0133309,38,MALE,false,33386
H0133309,40,FEMALE,false,3974
H0133309,10,FEMALE,false,3974
H0133309,3,MALE,false,3974
H0134210,45,FEMALE,false,40279
H0134210,45,MALE,false,4795
H0134411,36,FEMALE,false,37103
H0134411,38,MALE,false,4722
H0134411,15,MALE,false,4722
H0134411,12,MALE,false,4722
H0153205,39,FEMALE,false,35843
H0153205,24,MALE,false,5227
H0153205,0,MALE,false,5227
H0154112,46,MALE,false,43948
H0154112,34,FEMALE,false,5360
H0154214,73,MALE,false,61911
H0154214,67,FEMALE,false,7123
H0154404,89,MALE,false,35624
H0162207,50,MALE,false,35230
H0162207,52,FEMALE,false,4145
H0162207,21,MALE,false,4145
H0162207,19,MALE,false,4145
H0171104,59,MALE,false,30891
H0171104,61,FEMALE,false,1817
H0172203,30,FEMALE,false,52485
H0172203,31,MALE,false,7498
H0172312,51,MALE,false,37762
H0172411,63,FEMALE,false,44712
H0173211,28,MALE,false,36253
H0173211,24,FEMALE,false,2719
H0173216,53,MALE,false,26406
H0173216,52,FEMALE,false,3243
H0173216,17,MALE,false,3243
H0173216,13,MALE,false,3243
H0173406,30,FEMALE,false,36855
H0174210,60,FEMALE,false,36515
H0181403,33,FEMALE,false,29506
H0181403,45,MALE,false,3688
H0181403,4,MALE,false,3688
H0181403,0,MALE,false,3688
H0181410,72,MALE,false,42120
H0181410,73,FEMALE,false,5265
H0183207,45,FEMALE,false,41108
H0183207,43,MALE,false,4253
H0183207,6,FEMALE,false,4253
H0184106,58,FEMALE,false,35419
H0184106,49,MALE,false,4620
H0184309,51,MALE,false,25296
H0184403,45,MALE,false,32646
H0184403,39,FEMALE,false,3756
H0191108,65,MALE,false,35003
H0191108,63,FEMALE,false,4566
H0192206,65,MALE,false,30715
H0192206,62,FEMALE,false,3772
H0192414,51,FEMALE,false,49864
H0192414,18,MALE,false,1847
H0192414,14,MALE,false,1847
H0193210,27,MALE,false,21287
H0193210,27,FEMALE,false,1774
H0193210,2,FEMALE,false,1774
H0194103,44,FEMALE,false,15023
H0194103,45,MALE,false,3756
H0194103,7,FEMALE,false,3756
H0201108,60,MALE,false,16848
H0201108,58,FEMALE,false,1685
H0201108,37,MALE,false,1685
H0201311,71,MALE,false,30929
H0201311,62,FEMALE,false,3772
H0202111,35,FEMALE,false,40217
H0202111,31,MALE,false,4469
H0202111,3,MALE,false,4469
H0202111,6,FEMALE,false,4469
H0202111,15,FEMALE,false,4469
H0202111,12,MALE,false,4469
H0202116,33,FEMALE,false,27986
H0202116,13,FEMALE,false,1866
H0202116,8,MALE,false,1866
H0202116,7,MALE,false,1866
H0203101,28,FEMALE,false,27027
H0204109,55,MALE,false,36364
H0204109,46,FEMALE,false,4228
H0204109,16,MALE,false,4228
H0204109,14,FEMALE,false,4228
H0204111,70,MALE,false,41083
H0204111,66,FEMALE,false,5189
H0211105,35,MALE,false,45914
H0213207,75,MALE,false,35332
H0213207,73,FEMALE,false,4463
H0213212,67,MALE,false,30075
H0213212,25,FEMALE,false,3437
H0213313,56,MALE,false,33826
H0213402,71,FEMALE,false,59119
H0213408,89,MALE,false,28976
H0222109,54,MALE,false,45201
H0222109,50,FEMALE,false,5200
H0222109,24,MALE,false,5200
H0222109,22,MALE,false,5200
H0222109,12,MALE,false,5200
H0234109,75,FEMALE,false,64616
H0242310,65,MALE,false,105589
H0242310,60,FEMALE,false,12147
H0242310,27,MALE,false,12147
H0242310,29,MALE,false,12147
H0244103,51,FEMALE,false,32646
H0244103,54,MALE,false,3756
H0244103,18,MALE,false,3756
H0244103,14,FEMALE,false,3756
H0244316,53,MALE,false,37449
H0244316,50,FEMALE,false,4730
H0253202,77,MALE,false,29225
H0261203,50,MALE,false,18122
H0261404,78,FEMALE,false,48360
H0261408,33,MALE,false,39371
H0261408,31,FEMALE,false,5135
H0261408,1,MALE,false,5135
H0262411,47,MALE,false,51991
H0262411,47,FEMALE,false,5378
H0262411,13,MALE,false,5378
H0262411,11,FEMALE,false,5378
H0263401,63,MALE,false,39925
H0263401,61,FEMALE,false,4436
H0263407,62,MALE,false,27011
H0263407,52,FEMALE,false,2001
H0271107,85,FEMALE,false,50666
H0271204,51,FEMALE,false,34150
H0271204,69,MALE,false,4269
H0271206,58,FEMALE,false,39509
H0271206,59,MALE,false,5927
H0271206,87,FEMALE,false,5927
H0271206,50,MALE,false,5927
H0271206,33,FEMALE,false,5927
H0273208,43,FEMALE,false,41183
H0273208,49,MALE,false,5883
H0273208,16,MALE,false,5883
H0273208,12,MALE,false,5883
H0281207,58,FEMALE,false,23868
H0283210,50,FEMALE,false,26403
H0283210,48,MALE,false,3772
H0283210,17,FEMALE,false,3772
H0283210,15,FEMALE,false,3772
H0283311,40,MALE,false,19910
H0291307,62,MALE,false,37800
H0291307,63,FEMALE,false,4536
H0291307,31,MALE,false,4536
H0293308,52,MALE,false,31895
H0293308,54,FEMALE,false,3669
H0293308,19,FEMALE,false,3669
H0294214,29,FEMALE,false,23482
H0294214,30,MALE,false,1806
H0294214,9,FEMALE,false,1806
H0294214,4,MALE,false,1806
H0294214,0,MALE,false,1806
H0294307,63,FEMALE,false,37962
H0294307,58,MALE,false,4795
H0302212,78,MALE,false,30353
H0302304,62,MALE,false,28015
H0303103,24,FEMALE,false,108329
H0303103,4,FEMALE,false,8024
H0303406,51,MALE,false,38667
H0303406,50,FEMALE,false,4884
H0303406,24,FEMALE,false,4884
H0303406,22,MALE,false,4884
H0304214,46,MALE,false,55512
H0304214,45,FEMALE,false,6939
H0304214,75,FEMALE,false,6939
H0304214,55,FEMALE,false,6939
H0311110,49,MALE,false,57923
H0314106,62,FEMALE,false,30758
H0314106,63,MALE,false,3691
H0314313,72,MALE,false,37897
H0314313,74,MALE,false,4512
H0314408,40,MALE,false,48044
H0314408,37,FEMALE,false,6863
H0314408,13,MALE,false,6863
H0314408,10,MALE,false,6863
H0321211,44,FEMALE,false,94954
H0322201,63,FEMALE,false,116127
H0323407,31,FEMALE,false,32227
H0323407,38,MALE,false,4028
H0323407,3,MALE,false,4028
H0323407,0,MALE,false,4028
H0332120,81,FEMALE,false,44807
H0332120,83,MALE,false,6893
H0333309,67,MALE,false,52124
H0333312,25,FEMALE,false,87723
H0333312,25,MALE,false,7695
H0334119,48,MALE,false,38653
H0334119,46,FEMALE,false,5192
H0334119,21,MALE,false,5192
H0334119,22,FEMALE,false,5192
H0341111,46,MALE,false,15636
H0341111,40,FEMALE,false,2522
H0342317,81,MALE,false,35551
H0342405,34,MALE,false,35770
H0342405,33,FEMALE,false,3974
H0342405,0,MALE,false,3974
H0351117,25,MALE,false,30213
H0351222,59,FEMALE,false,38405
H0351222,25,FEMALE,false,4801
H0351222,20,FEMALE,false,4801
H0351420,39,MALE,false,95267
H0352120,29,FEMALE,false,26498
H0352120,10,FEMALE,false,1893
H0352120,7,FEMALE,false,1893
H0352213,22,FEMALE,false,34050
H0352213,21,FEMALE,false,3243
H0352213,23,FEMALE,false,3243
H0352213,22,FEMALE,false,3243
H0352222,60,FEMALE,false,58622
H0352222,29,MALE,false,7328
H0353301,43,FEMALE,false,36334
H0353301,19,FEMALE,false,4955
H0353405,37,MALE,false,27086
H0353405,34,FEMALE,false,3694
H0353405,6,MALE,false,3694
H0353405,3,MALE,false,3694
H0353405,3,MALE,false,3694
H0353407,35,MALE,false,22226
H0353407,30,FEMALE,false,2778
H0353407,1,MALE,false,2778
H0361113,66,MALE,false,23549
H0362116,41,MALE,false,32003
H0362116,39,FEMALE,false,3429
H0362116,18,FEMALE,false,3429
H0362116,7,FEMALE,false,3429
H0362204,45,FEMALE,false,32886
H0362204,47,MALE,false,6577
H0362204,21,FEMALE,false,6577
H0362204,18,MALE,false,6577
H0362204,11,MALE,false,6577
H0362218,65,FEMALE,false,21136
H0362401,56,MALE,false,31820
H0362401,40,FEMALE,false,6364
H0362401,16,MALE,false,6364
H0362401,13,MALE,false,6364
H0362404,43,MALE,false,65780
H0363301,28,FEMALE,false,30335
H0363301,32,MALE,false,4136
H0363301,1,FEMALE,false,4136
H0363301,28,FEMALE,false,4136
H0372112,47,FEMALE,false,22696
H0372112,18,MALE,false,1769
H0372112,16,MALE,false,1769
H0372112,12,MALE,false,1769
H0372211,46,FEMALE,false,28577
H0372211,45,MALE,false,4763
H0372211,16,FEMALE,false,4763
H0372211,14,FEMALE,false,4763
H0372401,40,FEMALE,false,28993
H0372401,42,MALE,false,2230
H0372401,10,FEMALE,false,2230
H0372401,7,FEMALE,false,2230
H0372401,3,MALE,false,2230
H0373109,48,MALE,false,24964
H0373109,50,FEMALE,false,4161
H0373109,13,MALE,false,4161
H0373109,9,MALE,false,4161
H0373109,6,MALE,false,4161
H0374103,77,FEMALE,false,34182
H0374302,36,MALE,false,27197
H0374302,34,FEMALE,false,4080
H0374302,3,FEMALE,false,4080
H0374302,0,FEMALE,false,4080
H0374310,45,MALE,false,45927
H0374310,40,FEMALE,false,7655
H0374310,5,MALE,false,7655
H0374310,5,MALE,false,7655
H0381103,45,MALE,false,58072
H0381303,60,MALE,false,41772
H0381303,60,FEMALE,false,4641
H0382106,70,MALE,false,27246
H0382106,72,FEMALE,false,1901
H0392206,54,MALE,false,40735
H0393101,50,FEMALE,false,28364
H0393111,85,MALE,false,32519
H0393111,82,FEMALE,false,4242
H0393204,53,FEMALE,false,46451
H0401108,27,FEMALE,false,19035
H0401108,29,MALE,false,6345
H0401211,53,FEMALE,false,48827
H0401211,50,MALE,false,6658
H0401420,63,MALE,false,25772
H0401420,62,FEMALE,false,3818
H0401420,28,MALE,false,3818
H0402412,51,MALE,false,51781
H0402412,44,FEMALE,false,4979
H0402412,22,FEMALE,false,4979
H0402412,19,MALE,false,4979
H0404114,45,MALE,false,61398
H0404114,47,MALE,false,10233
H0404122,46,FEMALE,false,26158
H0404122,46,MALE,false,3737
H0404122,9,FEMALE,false,3737
H0404202,39,MALE,false,28685
H0404202,31,FEMALE,false,3586
H0404202,1,FEMALE,false,3586
H0404420,49,FEMALE,false,123763
H0412312,44,MALE,false,43011
H0412402,46,FEMALE,false,30108
H0412402,48,MALE,false,4226
H0412402,18,FEMALE,false,4226
H0412402,15,FEMALE,false,4226
H0413116,50,FEMALE,false,23296
H0413414,66,MALE,false,37868
H0413414,75,FEMALE,false,5049
H0414202,45,FEMALE,false,31960
H0414202,43,FEMALE,false,4917
H0421404,90,FEMALE,false,44042
H0424301,41,FEMALE,false,34379
H0431413,57,MALE,false,31055
H0433204,35,FEMALE,false,43986
H0433204,6,MALE,false,2838
H0433204,1,FEMALE,false,2838
H0433204,0,MALE,false,2838
H0433309,55,MALE,false,29400
H0433309,59,FEMALE,false,3459
H0433309,24,FEMALE,false,3459
H0433309,22,MALE,false,3459
H0433309,18,FEMALE,false,3459
H0434103,21,FEMALE,false,30740
H0434103,20,FEMALE,false,2795
H0441416,50,FEMALE,false,19818
H0441416,17,FEMALE,false,1982
H0442403,75,FEMALE,false,37025
H0443114,32,FEMALE,false,50585
H0443114,48,MALE,false,3372
H0443114,3,MALE,false,3372
H0443114,1,MALE,false,3372
H0443206,30,MALE,false,42827
H0443206,28,FEMALE,false,3059
H0443206,9,FEMALE,false,3059
H0443206,6,FEMALE,false,3059
H0443216,43,MALE,false,27980
H0443216,44,FEMALE,false,2454
H0443415,45,FEMALE,false,47196
H0443415,44,MALE,false,6340
H0443415,17,FEMALE,false,6340
H0443415,16,MALE,false,6340
H0451113,41,FEMALE,false,77387
H0451113,41,MALE,false,12898
H0451113,7,MALE,false,12898
H0451113,4,FEMALE,false,12898
H0451113,1,FEMALE,false,12898
H0452214,37,MALE,false,27778
H0452214,31,FEMALE,false,1736
H0452214,2,FEMALE,false,1736
H0452408,48,FEMALE,false,13576
H0452408,40,MALE,false,3394
H0453103,48,FEMALE,false,90002
H0453112,39,MALE,false,36947
H0453112,33,FEMALE,false,5038
H0453112,0,MALE,false,5038
H0453117,43,FEMALE,false,41283
H0453117,44,MALE,false,4128
H0453117,14,FEMALE,false,4128
H0453117,13,MALE,false,4128
H0453117,7,MALE,false,4128
H0453210,33,MALE,false,32449
H0453210,37,FEMALE,false,5408
H0453210,17,FEMALE,false,5408
H0453210,12,FEMALE,false,5408
H0453210,9,FEMALE,false,5408
H0453210,3,FEMALE,false,5408
H0453214,38,MALE,false,88247
H0453214,37,FEMALE,false,13073
H0453214,10,FEMALE,false,13073
H0453214,4,MALE,false,13073
H0453415,49,MALE,false,29125
H0453415,51,MALE,false,4161
H0454214,19,MALE,false,45152
H0454214,19,FEMALE,false,4342
H0454313,33,MALE,false,28877
H0454313,69,FEMALE,false,1925
H0454313,26,MALE,false,1925
H0454313,22,FEMALE,false,1925
H0454313,46,FEMALE,false,1925
H0454409,48,MALE,false,23261
H0454409,42,FEMALE,false,2492
H0454409,7,FEMALE,false,2492
H0454409,3,MALE,false,2492
H0454409,1,MALE,false,2492
H0454415,29,MALE,false,22969
H0454415,28,FEMALE,false,3132
H0461212,50,MALE,false,33680
H0461212,47,FEMALE,false,5181
H0461212,21,FEMALE,false,5181
H0464217,40,FEMALE,false,26595
H0464217,11,FEMALE,false,2128
H0464217,4,FEMALE,false,2128
H0464217,2,MALE,false,2128
H0464409,74,MALE,false,26060
H0464409,68,FEMALE,false,3399
H0481207,31,MALE,false,23909
H0481207,24,FEMALE,false,4782
H0483111,55,MALE,false,13098
H0483211,47,FEMALE,false,21557
H0483211,40,MALE,false,2695
H0483215,22,MALE,false,34906
H0483215,23,FEMALE,false,4363
H0483215,0,MALE,false,4363
H0484114,36,MALE,false,41540
H0484114,35,FEMALE,false,4887
H0484418,43,FEMALE,false,24081
H0484418,14,FEMALE,false,1877
H0484418,2,FEMALE,false,1877
H0491107,30,MALE,false,44083
H0491107,32,FEMALE,false,6612
H0491107,2,MALE,false,6612
H0491201,24,FEMALE,false,74423
H0491201,3,MALE,false,12404
H0491201,0,MALE,false,12404
H0493311,74,MALE,false,31166
H0493311,63,FEMALE,false,3667
H0493413,52,MALE,false,26533
H0494305,47,MALE,false,30718
H0494305,45,FEMALE,false,2695
H0494305,17,MALE,false,2695
H0494305,16,MALE,false,2695
H0494305,13,FEMALE,false,2695
H0494305,8,MALE,false,2695
H0494305,4,FEMALE,false,2695
H0504303,68,FEMALE,false,29406
H0504305,43,FEMALE,false,26889
H0504305,21,MALE,false,2095
H0504305,20,FEMALE,false,2095
H0511407,39,FEMALE,false,73678
H0511407,9,FEMALE,false,6140
H0511407,7,FEMALE,false,6140
H0512402,56,MALE,false,35124
H0512402,54,FEMALE,false,3818
H0512402,26,MALE,false,3818
H0512402,21,FEMALE,false,3818
H0512404,61,MALE,false,32954
H0512404,59,FEMALE,false,4298
H0514209,41,MALE,false,24818
H0514209,34,FEMALE,false,2068
H0523106,32,MALE,false,25277
H0523106,24,FEMALE,false,1631
H0523106,5,FEMALE,false,1631
H0523106,2,MALE,false,1631
H0523403,57,MALE,false,28917
H0523403,56,FEMALE,false,1701
H0523404,73,MALE,false,27316
H0523404,72,FEMALE,false,3167
H0534102,75,MALE,false,46964
H0534114,67,MALE,false,31919
H0534114,65,FEMALE,false,3302
H0534401,25,MALE,false,33194
H0534401,22,FEMALE,false,3688
H0534405,43,MALE,false,25237
H0534405,36,FEMALE,false,2743
H0534405,9,FEMALE,false,2743
H0534405,5,FEMALE,false,2743
H0541302,57,MALE,false,36464
H0541302,57,FEMALE,false,4420
H0541404,86,FEMALE,false,23085
H0542105,47,MALE,false,59195
H0542105,43,FEMALE,false,4933
H0543406,48,FEMALE,false,23342
H0543406,18,MALE,false,3335
H0543406,20,FEMALE,false,3335
H0544108,79,MALE,false,28866
H0544108,76,FEMALE,false,2986
H0544407,37,MALE,false,26922
H0544407,38,FEMALE,false,3121
H0544407,5,MALE,false,3121
H0544407,2,MALE,false,3121
H0551201,38,FEMALE,false,39895
H0551201,7,FEMALE,false,4987
H0551309,86,MALE,false,29730
H0551309,65,FEMALE,false,4247
H0553306,81,MALE,false,24786
H0554403,37,MALE,false,24179
H0554403,37,FEMALE,false,2687
H0554403,4,FEMALE,false,2687
H0554403,1,FEMALE,false,2687
H0554408,71,MALE,false,33656
H0554408,51,FEMALE,false,3740
H0554411,41,FEMALE,false,20714
H0554411,54,MALE,false,2959
H0554411,13,FEMALE,false,2959
H0554411,11,FEMALE,false,2959
H0564209,34,MALE,false,38005
H0564411,56,MALE,false,17350
H0564411,57,FEMALE,false,2892
H0571210,37,MALE,false,62532
H0571210,35,FEMALE,false,7817
H0571210,8,FEMALE,false,7817
H0571210,5,FEMALE,false,7817
H0571210,3,FEMALE,false,7817
H0571210,1,MALE,false,7817
H0571411,50,FEMALE,false,44539
H0571411,53,MALE,false,4841
H0571411,23,MALE,false,4841
H0571411,19,FEMALE,false,4841
H0572108,46,FEMALE,false,49499
H0572108,14,MALE,false,5500
H0572108,12,MALE,false,5500
H0573208,63,FEMALE,false,21708
H0573306,78,FEMALE,false,55744
H0573306,53,FEMALE,false,3097
H0573401,41,MALE,false,42088
H0573401,40,FEMALE,false,4676
H0573401,3,MALE,false,4676
H0573401,1,FEMALE,false,4676
H0573411,31,MALE,false,28504
H0573411,29,FEMALE,false,3167
H0573411,1,FEMALE,false,3167
H0574208,79,MALE,false,31914
H0582409,39,MALE,false,39496
H0582409,38,FEMALE,false,4293
H0582409,16,FEMALE,false,4293
H0582409,13,MALE,false,4293
H0582409,10,FEMALE,false,4293
H0591103,22,FEMALE,false,28204
H0591202,49,MALE,false,51130
H0591202,43,FEMALE,false,6669
H0591202,19,MALE,false,6669
H0591202,15,MALE,false,6669
H0591401,51,FEMALE,false,33726
H0591401,49,MALE,false,4142
H0591401,15,MALE,false,4142
H0591401,12,MALE,false,4142
H0592102,68,FEMALE,false,36669
H0592104,63,FEMALE,false,36077
H0592302,69,MALE,false,33291
H0592302,72,FEMALE,false,3699
H0593314,41,FEMALE,false,29552
H0594301,42,MALE,false,30035
H0594301,42,FEMALE,false,3337
H0594301,8,FEMALE,false,3337
H0594301,5,MALE,false,3337
H0594307,42,FEMALE,false,25056
H0594307,14,FEMALE,false,3132
H0601104,36,MALE,false,42768
H0601104,33,FEMALE,false,2851
H0601104,7,MALE,false,2851
H0602408,41,MALE,false,38030
H0602408,35,FEMALE,false,4226
H0602408,18,MALE,false,4226
H0602408,8,FEMALE,false,4226
H0603105,32,MALE,false,28123
H0603105,26,FEMALE,false,1844
H0603105,0,FEMALE,false,1844
H0611206,69,MALE,false,40592
H0611206,63,FEMALE,false,5127
H0611407,57,MALE,false,25061
H0611407,64,FEMALE,false,1928
H0613207,28,MALE,false,34657
H0613207,29,MALE,false,3961
H0614102,53,FEMALE,false,26123
H0614102,47,MALE,false,1742
H0614102,27,MALE,false,1742
H0614102,24,FEMALE,false,1742
H0614102,15,MALE,false,1742
H0623205,63,MALE,false,18868
H0623205,36,FEMALE,false,2903
H0623205,32,MALE,false,2903
H0623404,39,FEMALE,false,40838
H0623404,49,MALE,false,3713
H0623404,12,FEMALE,false,3713
H0623404,11,MALE,false,3713
H0624107,25,MALE,false,18338
H0624107,26,FEMALE,false,2157
H0631314,65,MALE,false,50822
H0631314,65,FEMALE,false,5381
H0631314,40,MALE,false,5381
H0631401,77,MALE,false,16232
H0631401,78,FEMALE,false,5411
H0632405,36,FEMALE,false,25269
H0632405,36,MALE,false,3610
H0632405,6,MALE,false,3610
H0632405,3,MALE,false,3610
H0632407,38,FEMALE,false,51562
H0632407,39,MALE,false,5459
H0633201,43,MALE,false,37282
H0633201,51,FEMALE,false,3947
H0633201,12,FEMALE,false,3947
H0641111,54,FEMALE,false,39204
H0641111,60,MALE,false,3920
H0641214,52,MALE,false,22648
H0641214,52,FEMALE,false,3775
H0641301,74,FEMALE,false,37141
H0641306,67,MALE,false,37322
H0641306,66,FEMALE,false,3929
H0642204,59,MALE,false,39620
H0642204,53,FEMALE,false,4099
H0642204,23,FEMALE,false,4099
H0642204,20,FEMALE,false,4099
H0642303,84,FEMALE,false,33364
H0642303,48,FEMALE,false,4069
H0642305,84,FEMALE,false,32149
H0642313,75,MALE,false,29198
H0642313,73,FEMALE,false,3092
H0644102,22,MALE,false,34304
H0644102,26,MALE,false,3119
H0644102,26,MALE,false,3119
H0644102,26,MALE,false,3119
H0644211,59,FEMALE,false,20844
H0644304,51,FEMALE,false,29290
H0644304,27,MALE,false,3661
H0644304,25,MALE,false,3661
H0644304,23,MALE,false,3661
H0644305,75,FEMALE,false,27594
H0644413,49,MALE,false,23436
H0644413,79,FEMALE,false,3348
H0644413,80,MALE,false,3348
H0651107,39,MALE,false,48989
H0651107,36,MALE,false,4082
H0651107,21,FEMALE,false,4082
H0651301,42,FEMALE,false,32832
H0651301,46,MALE,false,4104
H0651403,59,MALE,false,38140
H0651415,34,MALE,false,60134
H0651415,32,FEMALE,false,3758
H0651415,1,MALE,false,3758
H0653308,77,MALE,false,72085
H0654412,41,FEMALE,false,29484
H0654412,44,MALE,false,4212
H0654412,17,FEMALE,false,4212
H0654412,14,MALE,false,4212
H0654412,8,MALE,false,4212
H0663307,50,MALE,false,32878
H0663307,42,FEMALE,false,4010
H0663307,13,MALE,false,4010
H0663307,13,FEMALE,false,4010
H0663307,9,FEMALE,false,4010
H0671305,88,MALE,false,42363
H0671305,78,FEMALE,false,5648
H0683405,53,FEMALE,false,35751
H0683405,25,MALE,false,4269
H0683405,25,MALE,false,4269
H0684207,54,MALE,false,35591
H0684207,46,FEMALE,false,4250
H0684207,21,MALE,false,4250
H0684309,47,MALE,false,25529
H0684309,44,FEMALE,false,3048
H0684309,14,FEMALE,false,3048
H0684407,39,MALE,false,54918
H0684407,42,FEMALE,false,7628
H0691108,51,FEMALE,false,50790
H0691108,13,MALE,false,5254
H0691108,10,MALE,false,5254
H0692106,30,MALE,false,24362
H0692106,29,FEMALE,false,3248
H0701103,37,FEMALE,false,34409
H0701103,46,MALE,false,4779
H0701103,6,FEMALE,false,4779
H0701103,4,FEMALE,false,4779
H0701103,0,MALE,false,4779
H0703202,41,FEMALE,false,27113
H0703202,42,MALE,false,3237
H0703407,51,MALE,false,27510
H0703407,48,FEMALE,false,3588
H0704101,31,MALE,false,16878
H0704101,25,FEMALE,false,2411
H0704309,61,MALE,false,77223
H0704309,58,FEMALE,false,9221
H0711404,23,MALE,false,34241
H0711404,21,FEMALE,false,4028
H0711415,51,FEMALE,false,26600
H0711415,81,MALE,false,1744
H0712406,34,MALE,false,38750
H0712406,24,FEMALE,false,5054
H0713305,25,MALE,false,35948
H0713305,24,MALE,false,2568
H0713305,27,MALE,false,2568
H0713305,26,MALE,false,2568
H0714307,43,FEMALE,false,31104
H0714307,10,FEMALE,false,3888
H0714405,59,MALE,false,45392
H0721204,64,MALE,false,47798
H0721204,59,FEMALE,false,5311
H0721405,44,FEMALE,false,48230
H0721405,49,MALE,false,5549
H0721405,10,FEMALE,false,5549
H0722403,27,MALE,false,74210
H0724206,57,FEMALE,false,43394
H0724206,58,MALE,false,6199
H0724206,25,FEMALE,false,6199
H0724304,27,FEMALE,false,23490
H0724304,34,MALE,false,2349
H0724408,48,MALE,false,47509
H0731210,53,MALE,false,47569
H0731210,51,FEMALE,false,5189
H0731307,65,FEMALE,false,44871
H0732106,37,MALE,false,68896
H0733105,32,FEMALE,false,25361
H0733105,36,MALE,false,2454
H0741108,59,MALE,false,40001
H0741108,58,FEMALE,false,4776
H0742303,43,FEMALE,false,51030
H0742303,41,MALE,false,5670
H0742303,9,MALE,false,5670
H0742303,2,FEMALE,false,5670
H0742309,48,MALE,false,43459
H0742309,38,MALE,false,5432
H0742309,33,MALE,false,5432
H0742411,78,MALE,false,31717
H0742411,65,FEMALE,false,3731
H0743101,40,MALE,false,17161
H0743101,13,MALE,false,2452
H0743203,79,MALE,false,20704
H0744104,41,FEMALE,false,24592
H0744104,22,MALE,false,2732
H0754105,67,MALE,false,28315
H0761203,43,FEMALE,false,46089
H0761203,43,MALE,false,4609
H0761203,7,MALE,false,4609
H0761203,6,MALE,false,4609
H0761313,57,FEMALE,false,42998
H0761313,60,MALE,false,4674
H0761412,66,MALE,false,47288
H0761412,63,FEMALE,false,6755
H0762316,39,MALE,false,63261
H0762406,54,MALE,false,35824
H0762406,53,FEMALE,false,4622
H0762406,25,MALE,false,4622
H0763204,66,FEMALE,false,26309
H0764109,49,FEMALE,false,32997
H0764109,22,FEMALE,false,4304
H0764116,71,MALE,false,29138
H0764116,71,FEMALE,false,3167
H0764401,62,FEMALE,false,28166
H0771311,63,MALE,false,29400
H0771311,62,FEMALE,false,3769
H0772410,43,FEMALE,false,39296
H0772410,47,MALE,false,4271
H0772410,11,MALE,false,4271
H0772410,7,MALE,false,4271
H0772410,7,MALE,false,4271
H0773114,36,FEMALE,false,20920
H0773114,36,MALE,false,1609
H0773114,10,FEMALE,false,1609
H0773114,5,FEMALE,false,1609
H0773114,0,MALE,false,1609
H0773214,46,MALE,false,24262
H0773411,45,FEMALE,false,15039
H0773411,54,MALE,false,3008
H0773411,19,MALE,false,3008
H0773411,17,MALE,false,3008
H0773411,12,MALE,false,3008
H0773411,10,FEMALE,false,3008
H0781407,56,MALE,false,32351
H0781407,62,FEMALE,false,4174
H0782305,65,MALE,false,57297
H0782305,63,FEMALE,false,7474
H0783208,46,FEMALE,false,55242
H0783208,20,MALE,false,2511
H0784108,51,FEMALE,false,22631
H0784108,49,MALE,false,2743
H0784108,15,MALE,false,2743
H0784108,13,MALE,false,2743
H0784202,69,MALE,false,26957
H0784202,68,FEMALE,false,3370
H0791103,73,MALE,false,44734
H0791103,75,FEMALE,false,5592
H0792403,55,MALE,false,42350
H0793208,71,MALE,false,63048
H0793208,64,FEMALE,false,6637
H0793409,54,FEMALE,false,39371
H0793409,15,FEMALE,false,1712
H0793409,12,MALE,false,1712
H0794302,23,MALE,false,16362
H0794302,27,FEMALE,false,1364
H0794302,5,MALE,false,1364
H0794302,3,FEMALE,false,1364
H0801413,52,MALE,false,43632
H0801413,47,FEMALE,false,5454
H0801413,27,MALE,false,5454
H0801413,15,MALE,false,5454
H0802203,84,FEMALE,false,53374
H0802405,78,MALE,false,34217
H0802405,75,FEMALE,false,4463
H0803408,45,FEMALE,false,22723
H0803408,45,MALE,false,5681
H0804113,76,MALE,false,29411
H0812214,65,MALE,false,42058
H0812214,65,FEMALE,false,4876
H0812312,84,MALE,false,34255
H0812312,77,FEMALE,false,3972
H0813302,28,MALE,false,34360
H0813302,27,FEMALE,false,1636
H0813302,7,FEMALE,false,1636
H0813302,3,MALE,false,1636
H0813302,2,MALE,false,1636
H0813302,1,FEMALE,false,1636
H0821103,77,MALE,false,23720
H0821103,71,FEMALE,false,3389
H0821210,41,FEMALE,false,65421
H0821210,43,MALE,false,7930
H0821210,17,FEMALE,false,7930
H0821210,14,MALE,false,7930
H0821210,9,FEMALE,false,7930
H0823410,48,MALE,false,65529
H0823410,46,FEMALE,false,6553
H0823410,16,MALE,false,6553
H0823410,13,MALE,false,6553
H0831207,67,MALE,false,43254
H0831207,60,FEMALE,false,4325
H0831405,83,FEMALE,false,24116
H0841405,58,MALE,false,22502
H0841405,56,FEMALE,false,3750
H0843102,36,MALE,false,123468
H0852206,48,MALE,false,49459
H0852206,48,FEMALE,false,5819
H0854108,42,FEMALE,false,13975
H0854108,14,FEMALE,false,3494
H0854108,11,MALE,false,3494
H0854406,40,FEMALE,false,37382
H0854406,32,MALE,false,5098
H0854406,12,FEMALE,false,5098
H0854406,9,MALE,false,5098
H0854406,7,MALE,false,5098
H0862207,39,MALE,false,21335
H0862207,35,FEMALE,false,3556
H0862207,8,MALE,false,3556
H0862207,6,MALE,false,3556
H0862207,5,FEMALE,false,3556
H0862207,3,FEMALE,false,3556
H0862304,49,MALE,false,39425
H0862304,47,FEMALE,false,5054
H0862304,16,MALE,false,5054
H0863107,47,FEMALE,false,20768
H0863107,55,MALE,false,1731
H0863107,18,MALE,false,1731
H0863107,11,FEMALE,false,1731
H0864306,23,FEMALE,false,38102
H0864306,22,MALE,false,3572
H0873202,59,MALE,false,31979
H0873202,56,FEMALE,false,3046
H0873202,28,MALE,false,3046
H0873209,76,FEMALE,false,32376
H0873209,76,MALE,false,3083
H0882206,35,MALE,false,30227
H0892207,53,FEMALE,false,44931
H0893113,38,FEMALE,false,28976
H0893113,37,MALE,false,3699
H0893113,3,MALE,false,3699
H0893113,2,MALE,false,3699
H0893408,77,MALE,false,30672
H0894408,62,MALE,false,28069
H0894408,61,FEMALE,false,3661
H0894408,32,FEMALE,false,3661
H0894408,3,MALE,false,3661
H0901417,41,MALE,false,65418
H0901417,40,FEMALE,false,7811
H0902215,57,MALE,false,27313
H0902217,40,MALE,false,44267
H0902217,38,FEMALE,false,5651
H0902217,16,FEMALE,false,5651
H0902217,14,FEMALE,false,5651
H0902217,11,MALE,false,5651
H0904106,49,FEMALE,false,45814
H0904106,9,FEMALE,false,3818
H0904216,33,MALE,false,24948
H0904216,27,FEMALE,false,2079
H0904216,8,FEMALE,false,2079
H0904216,7,MALE,false,2079
H0904216,2,MALE,false,2079
H0911107,37,MALE,false,97918
H0911107,35,FEMALE,false,13600
H0911107,2,FEMALE,false,13600
H0911107,4,MALE,false,13600
H0911217,73,MALE,false,67681
H0911402,32,FEMALE,false,18662
H0911402,9,FEMALE,false,3110
H0911402,7,FEMALE,false,3110
H0911402,2,MALE,false,3110
H0912101,31,MALE,false,71982
H0912101,25,FEMALE,false,14396
H0912116,47,MALE,false,71982
H0912305,39,MALE,false,12285
H0912306,26,MALE,false,20461
H0912306,27,MALE,false,3410
H0922303,56,MALE,false,22669
H0923201,55,MALE,false,37287
H0923201,44,FEMALE,false,4452
H0923201,12,FEMALE,false,4452
H0923201,15,MALE,false,4452
H0932106,31,FEMALE,false,29743
H0932106,12,FEMALE,false,1750
H0932106,10,FEMALE,false,1750
H0932106,5,FEMALE,false,1750
H0932106,2,MALE,false,1750
H0933305,34,MALE,false,86875
H0933305,32,FEMALE,false,5430
H0934411,41,FEMALE,false,36018
H0934411,43,MALE,false,4366
H0934411,14,MALE,false,4366
H0934411,8,MALE,false,4366
H0934411,12,MALE,false,4366
H0944301,31,MALE,false,41164
H0951207,70,FEMALE,false,48708
H0952308,36,MALE,false,23695
H0952308,36,FEMALE,false,5924
H0952308,1,FEMALE,false,5924
H0954209,32,MALE,false,50252
H0961406,59,MALE,false,28382
H0962207,76,MALE,false,49974
H0962207,74,FEMALE,false,5967
H0963110,24,MALE,false,48368
H0963110,23,FEMALE,false,8794
H0972112,55,MALE,false,45706
H0972201,66,MALE,false,57232
H0972201,65,FEMALE,false,7949
H0972404,78,FEMALE,false,41499
H0973113,74,FEMALE,false,45730
H0973213,64,MALE,false,48751
H0973213,63,FEMALE,false,6094
H0973213,32,MALE,false,6094
H0974211,65,MALE,false,61460
H0974211,60,FEMALE,false,3615
H0974310,84,MALE,false,20930
H0974310,78,FEMALE,false,3488
H0982110,42,MALE,false,38364
H0982110,44,FEMALE,false,3902
H0982110,13,FEMALE,false,3902
H0982110,9,FEMALE,false,3902
H0982110,7,FEMALE,false,3902
H0983410,25,MALE,false,27103
H0983410,24,FEMALE,false,2589
H0984311,60,MALE,false,54729
H0991103,44,FEMALE,false,42641
H0992209,60,FEMALE,false,43700
H0992209,69,FEMALE,false,4263
H0992309,35,MALE,false,41356
H0992309,34,FEMALE,false,4865
H0992309,14,MALE,false,4865
H0992309,11,MALE,false,4865
H0993203,57,MALE,false,30521
H0993203,52,FEMALE,false,2916
H0994110,45,FEMALE,false,45581
H0994110,46,MALE,false,3964
H0994110,14,MALE,false,3964
H0994110,12,MALE,false,3964
H0994110,7,MALE,false,3964
H0994304,36,FEMALE,false,29503
H0994304,47,MALE,false,2819
H0994304,6,MALE,false,2819
H0994309,46,FEMALE,false,36391
H0994309,16,MALE,false,3164
H0994309,10,FEMALE,false,3164
H0994401,46,MALE,false,25669
H1001308,70,MALE,false,14677
H1001308,69,FEMALE,false,1631
H1003105,83,MALE,false,27097
H1003105,83,FEMALE,false,3534
H1003302,62,MALE,false,56014
H1003305,30,FEMALE,false,26395
H1003305,29,MALE,false,3299
H1004301,43,MALE,false,17950
H1004301,44,FEMALE,false,4487
H1004301,17,MALE,false,4487
H1011404,75,FEMALE,false,26044
H1011405,25,FEMALE,false,17375
H1011405,5,MALE,false,1931
H1011405,2,FEMALE,false,1931
H1012102,61,FEMALE,false,41178
H1012102,60,MALE,false,4917
H1013204,52,FEMALE,false,45452
H1014211,66,MALE,false,35254
H1021308,79,MALE,false,57532
H1022202,51,FEMALE,false,48946
H1022202,49,MALE,false,6118
H1022202,25,MALE,false,6118
H1022202,19,FEMALE,false,6118
H1022202,18,FEMALE,false,6118
H1022412,29,FEMALE,false,53714
H1022412,35,MALE,false,7673
H1022412,9,FEMALE,false,7673
H1022412,7,MALE,false,7673
H1023201,55,FEMALE,false,33653
H1023201,34,MALE,false,3283
H1023209,40,FEMALE,false,41618
H1023209,39,MALE,false,3964
H1023209,11,FEMALE,false,3964
H1023209,8,FEMALE,false,3964
H1023209,3,MALE,false,3964
H1023302,68,MALE,false,29427
H1023302,71,FEMALE,false,3210
H1024306,54,MALE,false,24754
H1024306,48,FEMALE,false,4126
H1024306,13,MALE,false,4126
H1024306,11,MALE,false,4126
H1031403,41,FEMALE,false,29808
H1031403,43,MALE,false,1863
H1031403,21,MALE,false,1863
H1031403,17,MALE,false,1863
H1032107,51,MALE,false,22302
H1032107,22,MALE,false,1593
H1032405,68,MALE,false,23398
H1032405,66,FEMALE,false,1671
H1034310,89,MALE,false,24710
H1041109,64,MALE,false,37884
H1041109,64,FEMALE,false,4209
H1041312,43,MALE,false,39293
H1041312,42,FEMALE,false,3572
H1041312,3,FEMALE,false,3572
H1042405,62,FEMALE,false,37795
H1042405,65,MALE,false,4123
H1044110,64,MALE,false,30254
H1053309,24,MALE,false,32878
H1054408,48,MALE,false,19643
H1054408,49,FEMALE,false,3929
H1054408,18,FEMALE,false,3929
H1054408,16,MALE,false,3929
H1061305,61,FEMALE,false,39633
H1061305,63,MALE,false,3775
H1061411,43,FEMALE,false,35022
H1061411,44,MALE,false,4120
H1061411,15,FEMALE,false,4120
H1061411,13,FEMALE,false,4120
H1062210,50,MALE,false,46826
H1062210,48,FEMALE,false,5203
H1062301,48,FEMALE,false,43524
H1062301,49,MALE,false,4212
H1062301,14,MALE,false,4212
H1064307,34,FEMALE,false,24786
H1064307,37,MALE,false,2754
H1064307,3,MALE,false,2754
H1071307,31,MALE,false,29857
H1072305,31,MALE,false,37544
H1072305,30,FEMALE,false,7509
H1074301,63,MALE,false,29919
H1074301,59,FEMALE,false,4080
H1074301,34,MALE,false,4080
H1074301,31,MALE,false,4080
H1081111,51,FEMALE,false,54770
H1081205,27,FEMALE,false,82304
H1081205,4,FEMALE,false,9145
H1081205,1,MALE,false,9145
H1081206,57,FEMALE,false,37743
H1081206,31,FEMALE,false,4118
H1081301,79,MALE,false,16721
H1082306,47,FEMALE,false,149143
H1082306,47,MALE,false,16270
H1082306,13,MALE,false,16270
H1082306,10,MALE,false,16270
H1083211,40,MALE,false,25469
H1083211,39,FEMALE,false,2778
H1083211,16,FEMALE,false,2778
H1083211,14,FEMALE,false,2778
H1083411,54,FEMALE,false,20315
H1083411,21,MALE,false,2770
H1083411,17,MALE,false,2770
H1084308,59,FEMALE,false,25974
H1084308,55,MALE,false,3148
H1084312,45,FEMALE,false,22945
H1084312,46,MALE,false,3059
H1084312,16,FEMALE,false,3059
H1084413,43,MALE,false,24638
H1084413,40,FEMALE,false,2346
H1084413,4,FEMALE,false,2346
H1084413,1,FEMALE,false,2346
H1091203,46,MALE,false,32481
H1091203,35,FEMALE,false,4331
H1091203,5,FEMALE,false,4331
H1091402,57,MALE,false,44950
H1091402,56,FEMALE,false,5619
H1092204,73,FEMALE,false,34538
H1092206,73,MALE,false,42620
H1092206,78,FEMALE,false,4649
H1093102,69,MALE,false,27400
H1093102,68,FEMALE,false,2989
H1093110,46,FEMALE,false,73478
H1093110,15,FEMALE,false,7169
H1093211,41,MALE,false,23266
H1093402,83,FEMALE,false,39787
H1094116,38,MALE,false,15903
H1104309,68,FEMALE,false,25682
H1104309,70,MALE,false,3021
H1112413,74,FEMALE,false,39674
H1112413,71,FEMALE,false,4328
H1122114,52,FEMALE,false,31469
H1122114,52,MALE,false,4196
H1122216,40,MALE,false,33566
H1124102,32,FEMALE,false,26730
H1124102,27,FEMALE,false,3240
H1124214,47,FEMALE,false,26117
H1124214,49,MALE,false,3073
H1124214,18,FEMALE,false,3073
H1124214,16,FEMALE,false,3073
H1141103,37,MALE,false,34871
H1141103,32,FEMALE,false,2325
H1141103,15,MALE,false,2325
H1141103,5,FEMALE,false,2325
H1142402,23,FEMALE,false,30534
H1142402,56,FEMALE,false,3073
H1142402,3,MALE,false,3073
H1143108,55,MALE,false,36671
H1143108,48,FEMALE,false,3794
H1143108,23,MALE,false,3794
H1143108,19,MALE,false,3794
H1144103,73,FEMALE,false,30964
H1144103,78,FEMALE,false,3116
H1144403,33,FEMALE,false,44267
H1144403,35,MALE,false,4579
H1144403,13,FEMALE,false,4579
H1144403,9,MALE,false,4579
H1151113,82,MALE,false,40117
H1151113,79,FEMALE,false,4150
H1151218,62,FEMALE,false,26209
H1151218,64,MALE,false,1542
H1151305,51,MALE,false,36334
H1151413,37,MALE,false,44780
H1151413,34,FEMALE,false,4798
H1151413,3,FEMALE,false,4798
H1151413,6,FEMALE,false,4798
H1151413,13,MALE,false,4798
H1152212,23,FEMALE,false,39023
H1152212,2,MALE,false,1661
H1152218,30,FEMALE,false,38040
H1152218,29,MALE,false,3648
H1152218,4,FEMALE,false,3648
H1152409,59,MALE,false,60467
H1152409,57,FEMALE,false,8062
H1153206,62,FEMALE,false,32292
H1153212,20,MALE,false,21500
H1153212,19,MALE,false,1623
H1153212,19,FEMALE,false,1623
H1153212,19,FEMALE,false,1623
H1153212,19,MALE,false,1623
H1153319,32,FEMALE,false,32106
H1153322,38,FEMALE,false,31636
H1153322,42,MALE,false,3472
H1153322,0,MALE,false,3472
H1154118,60,MALE,false,28736
H1161207,63,FEMALE,false,38772
H1162102,30,MALE,false,60502
H1162102,30,FEMALE,false,7563
H1162102,3,FEMALE,false,7563
H1162102,0,FEMALE,false,7563
H1162104,58,MALE,false,34771
H1162104,57,FEMALE,false,4636
H1164305,50,MALE,false,27716
H1164305,49,FEMALE,false,2789
H1164305,17,FEMALE,false,2789
H1164308,42,MALE,false,15919
H1171408,30,MALE,false,51975
H1171408,34,FEMALE,false,5198
H1172203,73,MALE,false,17339
H1172203,77,FEMALE,false,1334
H1172208,53,FEMALE,false,47388
H1172208,50,MALE,false,4544
H1174313,31,MALE,false,26366
H1174313,29,FEMALE,false,2930
H1174313,0,FEMALE,false,2930
H1181107,81,MALE,false,19391
H1181107,78,FEMALE,false,1385
H1181218,40,MALE,false,24281
H1181218,31,FEMALE,false,1428
H1181306,58,MALE,false,32076
H1181306,52,FEMALE,false,3318
H1181306,17,MALE,false,3318
H1182306,42,MALE,false,33845
H1182306,36,FEMALE,false,3245
H1182306,10,MALE,false,3245
H1182306,8,FEMALE,false,3245
H1184402,49,MALE,false,59454
H1184402,42,FEMALE,false,2530
H1184402,21,MALE,false,2530
H1184402,14,MALE,false,2530
H1184402,10,FEMALE,false,2530
H1193107,57,MALE,false,22656
H1193107,45,FEMALE,false,2344
H1193109,68,MALE,false,26536
H1193109,46,FEMALE,false,2948
H1193110,48,FEMALE,false,20639
H1193118,58,MALE,false,29225
H1193118,53,FEMALE,false,3208
H1193118,30,MALE,false,3208
H1193307,29,MALE,false,30769
H1193307,25,FEMALE,false,1399
H1193307,8,MALE,false,1399
H1193307,4,MALE,false,1399
H1193307,2,MALE,false,1399
H1193412,52,FEMALE,false,30119
H1193412,53,MALE,false,3116
H1194102,31,FEMALE,false,24883
H1194118,78,FEMALE,false,26789
H1194214,84,MALE,false,33029
H1201107,42,FEMALE,false,36091
H1201107,8,MALE,false,3437
H1201109,36,MALE,false,66247
H1201109,40,FEMALE,false,6666
H1201109,10,FEMALE,false,6666
H1201418,69,FEMALE,false,40743
H1201418,69,MALE,false,4215
H1203115,30,FEMALE,false,25186
H1203115,1,FEMALE,false,3148
H1203204,58,MALE,false,41391
H1203405,38,FEMALE,false,47947
H1204108,50,FEMALE,false,23495
H1204108,50,MALE,false,2473
H1204108,22,FEMALE,false,2473
H1204110,69,MALE,false,35872
H1204110,69,FEMALE,false,3610
H1204113,69,MALE,false,24948
H1204113,64,FEMALE,false,2268
H1204302,75,FEMALE,false,34668
H1204313,73,FEMALE,false,37017
H1211207,55,FEMALE,false,37792
H1211207,84,MALE,false,3910
H1211307,65,MALE,false,33807
H1211307,61,FEMALE,false,3402
H1212108,59,MALE,false,41448
H1214103,64,MALE,false,49067
H1214103,63,FEMALE,false,5076
H1214118,36,MALE,false,32551
H1214118,35,FEMALE,false,2959
H1214118,5,FEMALE,false,2959
H1214118,3,MALE,false,2959
H1214202,34,FEMALE,false,27864
H1214314,52,FEMALE,false,22656
H1214314,50,MALE,false,2344
H1214314,28,MALE,false,2344
H1214314,24,FEMALE,false,2344
H1224409,59,FEMALE,false,32994
H1224409,14,FEMALE,false,1650
H1224409,12,MALE,false,1650
H1242107,49,FEMALE,false,34884
H1242107,52,MALE,false,4104
H1254104,75,MALE,false,35645
H1254104,73,FEMALE,false,3656
H1261108,46,MALE,false,42827
H1261108,37,FEMALE,false,3059
H1261206,43,FEMALE,false,96690
H1261206,58,MALE,false,12612
H1262210,49,MALE,false,49623
H1262210,46,FEMALE,false,5046
H1262210,23,FEMALE,false,5046
H1262210,18,FEMALE,false,5046
H1263310,49,FEMALE,false,33072
H1263310,57,MALE,false,3891
H1263310,24,FEMALE,false,3891
H1263310,22,FEMALE,false,3891
H1264118,75,MALE,false,26325
H1264309,44,MALE,false,35640
H1264309,25,FEMALE,false,1620
H1264309,1,MALE,false,1620
H1271101,47,MALE,false,11761
H1273306,32,FEMALE,false,30000
H1273306,36,MALE,false,3461
H1273306,1,FEMALE,false,3461
H1273405,58,FEMALE,false,45104
H1274403,48,FEMALE,false,27756
H1274403,46,MALE,false,2776
H1274403,9,FEMALE,false,2776
H1274403,5,MALE,false,2776
H1281204,68,FEMALE,false,33502
H1292106,63,MALE,false,34706
H1292106,60,FEMALE,false,3653
H1293202,61,FEMALE,false,29635
H1293209,47,MALE,false,26417
H1293209,46,FEMALE,false,2687
H1293209,19,FEMALE,false,2687
H1293209,17,MALE,false,2687
H1293209,15,FEMALE,false,2687
H1293212,65,FEMALE,false,29525
H1293212,65,MALE,false,3002
H1294309,33,MALE,false,32432
H1304203,60,FEMALE,false,31420
H1304203,53,MALE,false,3696
H1311406,32,MALE,false,37838
H1311412,45,FEMALE,false,18978
H1311412,19,MALE,false,1725
H1312104,36,FEMALE,false,44858
H1312104,17,MALE,false,1725
H1312104,13,FEMALE,false,1725
H1312205,64,MALE,false,46537
H1312402,52,FEMALE,false,55539
H1312402,20,FEMALE,false,5667
H1313305,74,MALE,false,32130
H1314101,21,FEMALE,false,11858
H1314101,3,FEMALE,false,1976
H1321301,51,MALE,false,103262
H1321301,46,FEMALE,false,9866
H1321301,11,MALE,false,9866
H1321404,74,MALE,false,33828
H1321404,71,FEMALE,false,3470
H1322205,44,MALE,false,42476
H1322205,42,FEMALE,false,3694
H1322205,16,FEMALE,false,3694
H1322205,13,FEMALE,false,3694
H1323405,58,MALE,false,28139
H1324114,53,FEMALE,false,37190
H1324114,58,MALE,false,3553
H1324114,30,FEMALE,false,3553
H1324114,11,FEMALE,false,3553
H1324311,62,FEMALE,false,40824
H1324404,52,MALE,false,26933
H1324404,40,FEMALE,false,2822
H1332201,74,FEMALE,false,25361
H1332406,62,FEMALE,false,52661
H1332406,61,MALE,false,6018
H1334104,58,MALE,false,28188
H1334104,52,FEMALE,false,2819
H1334204,89,FEMALE,false,28139
H1342409,33,FEMALE,false,53009
H1342409,34,MALE,false,6413
H1343314,21,FEMALE,false,30734
H1343314,0,FEMALE,false,2260
H1344113,43,FEMALE,false,23828
H1344301,61,MALE,false,30748
H1344313,41,FEMALE,false,25869
H1344313,42,MALE,false,3129
H1344313,16,MALE,false,3129
H1344313,12,FEMALE,false,3129
H1344316,91,FEMALE,false,42412
H1344414,53,FEMALE,false,22729
H1344414,48,MALE,false,2965
H1344414,27,FEMALE,false,2965
H1353405,28,MALE,false,20439
H1353405,4,MALE,false,2044
H1353405,1,FEMALE,false,2044
H1354202,42,MALE,false,41164
H1354306,46,MALE,false,24397
H1354306,48,FEMALE,false,2870
H1354306,25,MALE,false,2870
H1354411,65,MALE,false,28137
H1354411,45,FEMALE,false,3310
H1354411,22,MALE,false,3310
H1361102,44,FEMALE,false,30537
H1361102,18,FEMALE,false,1566
H1361102,8,FEMALE,false,1566
H1362303,44,MALE,false,33926
H1362303,42,FEMALE,false,4104
H1362303,6,FEMALE,false,4104
H1362303,4,FEMALE,false,4104
H1363111,59,MALE,false,26279
H1363111,56,FEMALE,false,3092
H1363304,75,MALE,false,25745
H1363304,72,FEMALE,false,2627
H1364110,49,FEMALE,false,28350
H1364110,46,MALE,false,3038
H1364110,14,MALE,false,3038
H1364205,40,FEMALE,false,60526
H1364205,17,FEMALE,false,6261
H1371115,35,FEMALE,false,38578
H1371115,35,MALE,false,3923
H1371115,6,FEMALE,false,3923
H1371115,4,FEMALE,false,3923
H1371117,40,FEMALE,false,39690
H1371117,44,MALE,false,4253
H1371117,16,MALE,false,4253
H1371117,14,MALE,false,4253
H1371117,11,MALE,false,4253
H1371415,48,MALE,false,31679
H1371415,40,FEMALE,false,3027
H1371415,9,MALE,false,3027
H1371415,7,MALE,false,3027
H1371415,4,FEMALE,false,3027
H1372201,65,MALE,false,40543
H1372201,61,FEMALE,false,4123
H1372209,38,MALE,false,44971
H1372209,27,FEMALE,false,2811
H1372209,11,FEMALE,false,2811
H1372209,5,MALE,false,2811
H1372209,0,MALE,false,2811
H1373206,38,FEMALE,false,31037
H1373206,32,MALE,false,3156
H1373206,14,MALE,false,3156
H1373206,11,MALE,false,3156
H1373206,5,FEMALE,false,3156
H1373412,37,MALE,false,25132
H1373412,29,FEMALE,false,3040
H1373416,67,MALE,false,40365
H1381304,48,MALE,false,39169
H1381314,38,MALE,false,50328
H1381314,14,MALE,false,5033
H1381314,10,MALE,false,5033
H1381314,6,MALE,false,5033
H1382406,77,MALE,false,58782
H1382406,63,FEMALE,false,5978
H1384104,61,FEMALE,false,27670
H1384104,61,MALE,false,2965
H1384205,66,MALE,false,21983
H1384205,64,FEMALE,false,2303
H1391401,76,MALE,false,32319
H1391401,69,FEMALE,false,5387
H1393107,48,FEMALE,false,33485
H1393107,17,FEMALE,false,3864
H1394306,44,MALE,false,25426
H1394306,39,FEMALE,false,2724
H1394306,14,MALE,false,2724
H1394306,10,FEMALE,false,2724
H1394406,75,MALE,false,29635
H1394406,67,FEMALE,false,3175
H1401103,83,FEMALE,false,108764
H1403205,40,MALE,false,38680
H1403205,39,FEMALE,false,1488
H1403205,17,FEMALE,false,1488
H1404103,61,MALE,false,40241
H1404103,24,FEMALE,false,5249
H1412104,63,MALE,false,35988
H1412104,61,FEMALE,false,3999
H1414416,67,FEMALE,false,39317
H1421204,50,MALE,false,31104
H1421305,72,FEMALE,false,42441
H1421305,79,MALE,false,4042
H1421402,76,MALE,false,30372
H1421402,74,FEMALE,false,3056
H1422114,35,FEMALE,false,45727
H1422114,11,MALE,false,5716
H1422114,8,FEMALE,false,5716
H1422115,62,MALE,false,49853
H1422115,62,FEMALE,false,5017
H1422115,36,MALE,false,5017
H1422115,28,MALE,false,5017
H1422205,44,MALE,false,34425
H1423106,52,FEMALE,false,33899
H1423106,21,FEMALE,false,3721
H1424312,29,MALE,false,21457
H1424312,32,FEMALE,false,2384
H1424312,0,MALE,false,2384
H1424407,64,MALE,false,19548
H1424407,65,FEMALE,false,2022
H1433211,51,FEMALE,false,34474
H1433211,19,FEMALE,false,1436
H1434203,40,FEMALE,false,22721
H1434203,8,FEMALE,false,1515
H1441201,34,MALE,false,58277
H1441201,35,FEMALE,false,5864
H1443201,49,MALE,false,39269
H1444108,86,MALE,false,18908
H1451105,55,MALE,false,24354
H1451405,75,MALE,false,64662
H1451405,67,FEMALE,false,6928
H1452306,71,FEMALE,false,16427
H1452306,8,MALE,false,1369
H1452306,34,MALE,false,1369
H1454310,73,FEMALE,false,26433
H1461202,84,FEMALE,false,32805
H1462311,46,MALE,false,58317
H1462311,43,FEMALE,false,5554
H1462311,22,MALE,false,5554
H1462311,12,MALE,false,5554
H1463207,28,FEMALE,false,33604
H1463207,28,MALE,false,4277
H1463207,0,FEMALE,false,4277
H1463401,53,FEMALE,false,18031
H1463401,15,FEMALE,false,3005
H1464103,84,FEMALE,false,32022
H1464314,64,MALE,false,22699
H1464314,60,FEMALE,false,2619
H1481201,61,MALE,false,58101
H1481201,45,FEMALE,false,5551
H1481201,17,FEMALE,false,5551
H1481201,14,MALE,false,5551
H1484302,93,FEMALE,false,33696
H1493305,63,FEMALE,false,27540
H1493305,62,MALE,false,1836
H1493401,50,MALE,false,48306
H1493401,50,FEMALE,false,6148
H1493401,20,FEMALE,false,6148
H1493401,16,MALE,false,6148
H1493401,22,MALE,false,6148
H1503103,81,FEMALE,false,30702
H1503204,56,FEMALE,false,36202
H1503204,57,MALE,false,4525
H1503204,25,FEMALE,false,4525
H1503302,60,FEMALE,false,26309
H1503302,51,MALE,false,1814
H1504108,58,MALE,false,27721
H1504108,54,FEMALE,false,2970
H1504110,51,MALE,false,34587
H1504110,54,FEMALE,false,3459
H1511401,54,MALE,false,30413
H1511401,54,FEMALE,false,3802
H1511406,42,FEMALE,false,43205
H1511406,14,MALE,false,4115
H1511410,59,MALE,false,24249
H1511410,57,FEMALE,false,3464
H1513306,68,MALE,false,32281
H1513306,62,FEMALE,false,3459
H1513306,29,FEMALE,false,3459
H1513410,55,MALE,false,49291
H1513410,53,FEMALE,false,6161
H1513410,26,MALE,false,6161
H1513410,19,MALE,false,6161
H1521105,39,FEMALE,false,146931
H1521105,9,MALE,false,18700
H1541303,24,MALE,false,37373
H1541303,24,FEMALE,false,4153
H1552201,89,FEMALE,false,40811
H1552305,55,FEMALE,false,40554
H1552305,55,MALE,false,4055
H1552305,23,FEMALE,false,4055
H1552310,74,MALE,false,31061
H1552310,73,FEMALE,false,3883
H1553104,59,MALE,false,30348
H1553104,57,FEMALE,false,3794
H1562407,91,MALE,false,32659
H1562407,87,FEMALE,false,1814
H1563103,73,MALE,false,29052
H1563103,69,FEMALE,false,2776
H1572303,80,MALE,false,37144
H1572303,78,FEMALE,false,3980
I0021103,48,MALE,false,26204
I0021103,40,FEMALE,false,1747
I0021103,15,FEMALE,false,1747
I0021103,13,FEMALE,false,1747
I0021312,48,FEMALE,false,24106
I0021312,39,MALE,false,4018
I0021312,13,FEMALE,false,4018
I0022202,54,FEMALE,false,44855
I0022202,53,MALE,false,4749
I0023110,59,MALE,false,16276
I0023110,59,FEMALE,false,4069
I0023406,70,MALE,false,26725
I0023406,72,FEMALE,false,2830
I0042206,51,MALE,false,34047
I0042206,49,FEMALE,false,3405
I0042206,12,FEMALE,false,3405
I0042206,10,MALE,false,3405
I0042206,10,MALE,false,3405
I0042206,9,FEMALE,false,3405
I0042408,36,MALE,false,80892
I0042408,38,FEMALE,false,8089
I0042408,4,MALE,false,8089
I0043401,47,MALE,false,39806
I0043401,43,FEMALE,false,3461
I0051309,58,FEMALE,false,46197
I0051309,64,MALE,false,4863
I0052212,41,FEMALE,false,21341
I0052212,45,MALE,false,1642
I0052212,17,FEMALE,false,1642
I0052212,14,FEMALE,false,1642
I0052212,14,MALE,false,1642
I0052410,32,FEMALE,false,14742
I0052410,0,FEMALE,false,2106
I0061413,63,MALE,false,78287
I0061413,63,FEMALE,false,9547
I0063211,42,FEMALE,false,26436
I0063211,6,MALE,false,3224
I0063211,3,FEMALE,false,3224
I0063313,37,FEMALE,false,19591
I0063313,42,MALE,false,2449
I0063313,1,FEMALE,false,2449
I0063313,0,MALE,false,2449
I0063410,60,FEMALE,false,34007
I0063410,39,MALE,false,4147
I0071205,73,FEMALE,false,39374
I0073402,48,MALE,false,48408
I0073402,46,FEMALE,false,5532
I0073402,17,FEMALE,false,5532
I0073406,64,FEMALE,false,44423
I0081207,38,FEMALE,false,35100
I0081207,10,MALE,false,3815
I0081207,9,MALE,false,3815
I0081207,6,FEMALE,false,3815
I0081216,60,FEMALE,false,68153
I0081403,33,MALE,false,37433
I0081403,27,FEMALE,false,3964
I0084105,60,MALE,false,45006
I0084105,56,FEMALE,false,5295
I0084111,61,MALE,false,26190
I0084111,60,FEMALE,false,3929
I0084201,63,FEMALE,false,30081
I0084409,62,MALE,false,36542
I0084409,62,FEMALE,false,3869
I0091207,58,FEMALE,false,74771
I0091403,54,MALE,false,53611
I0091403,62,FEMALE,false,6307
I0092213,55,MALE,false,73008
I0092213,63,FEMALE,false,3650
I0092311,50,MALE,false,43837
I0093210,68,MALE,false,37862
I0093210,65,FEMALE,false,4093
I0093405,59,FEMALE,false,34425
I0093405,63,MALE,false,3645
I0094105,49,FEMALE,false,21600
I0094105,49,MALE,false,4320
I0094105,17,MALE,false,4320
I0094105,11,MALE,false,4320
I0094110,42,MALE,false,24513
I0094110,36,FEMALE,false,3502
I0094110,3,MALE,false,3502
I0094110,2,MALE,false,3502
I0102108,70,FEMALE,false,26293
I0103104,59,FEMALE,false,39496
I0104303,71,MALE,false,27413
I0104303,70,FEMALE,false,2903
I0111106,53,FEMALE,false,30961
I0112404,24,FEMALE,false,35308
I0121407,25,FEMALE,false,36504
I0121407,46,FEMALE,false,1404
I0121407,26,MALE,false,1404
I0122405,42,FEMALE,false,33364
I0131112,64,FEMALE,false,37592
I0131201,92,FEMALE,false,34808
I0132212,40,FEMALE,false,90396
I0132312,67,MALE,false,31590
I0132312,66,FEMALE,false,3634
I0132416,45,MALE,false,42466
I0132416,45,FEMALE,false,5179
I0132416,10,FEMALE,false,5179
I0132416,6,MALE,false,5179
I0133103,81,FEMALE,false,54775
I0133107,70,MALE,false,55647
I0133107,68,FEMALE,false,6834
I0133110,46,MALE,false,51791
I0133110,47,FEMALE,false,6755
I0133312,62,MALE,false,30699
I0133312,61,FEMALE,false,3532
I0133313,82,FEMALE,false,15341
I0134211,49,FEMALE,false,62073
I0134211,20,FEMALE,false,6534
I0134211,48,MALE,false,6534
I0134211,38,FEMALE,false,6534
I0142102,62,FEMALE,false,29009
I0143104,38,MALE,false,21433
I0143104,31,FEMALE,false,3062
I0143104,5,MALE,false,3062
I0143104,3,FEMALE,false,3062
I0143302,45,FEMALE,false,22170
I0143302,39,MALE,false,1928
I0143401,37,FEMALE,false,50760
I0143401,43,MALE,false,5076
I0143401,11,FEMALE,false,5076
I0143401,8,MALE,false,5076
I0144201,26,FEMALE,false,24130
I0144201,28,MALE,false,1582
I0144202,76,MALE,false,28679
I0144202,70,FEMALE,false,3299
I0144202,41,MALE,false,3299
I0151216,60,FEMALE,false,22569
I0151216,24,FEMALE,false,3291
I0151216,17,FEMALE,false,3291
I0152305,61,MALE,false,53368
I0152305,56,FEMALE,false,6140
I0152405,65,MALE,false,29854
I0153209,28,MALE,false,23944
I0153209,25,FEMALE,false,3991
I0153310,44,MALE,false,31949
I0153310,48,FEMALE,false,4066
I0154309,65,MALE,false,30011
I0154309,67,FEMALE,false,3159
I0161108,50,MALE,false,32808
I0161108,46,FEMALE,false,4784
I0161108,19,MALE,false,4784
I0161108,13,FEMALE,false,4784
I0161211,58,FEMALE,false,25936
I0161211,64,MALE,false,3383
I0162107,29,FEMALE,false,74493
I0162107,9,FEMALE,false,4806
I0162209,47,MALE,false,49021
I0162209,43,FEMALE,false,4085
I0162209,19,FEMALE,false,4085
I0162209,16,MALE,false,4085
I0162209,11,MALE,false,4085
I0163209,47,MALE,false,28382
I0163209,45,FEMALE,false,3548
I0163209,8,MALE,false,3548
I0163209,8,FEMALE,false,3548
I0163401,49,FEMALE,false,50995
I0163401,50,MALE,false,4636
I0164307,86,MALE,false,23417
I0164307,86,FEMALE,false,3345
I0172309,43,FEMALE,false,58101
I0172309,45,MALE,false,2152
I0172309,22,FEMALE,false,2152
I0172309,19,FEMALE,false,2152
I0173401,66,MALE,false,42738
I0173401,60,FEMALE,false,4917
I0181203,23,FEMALE,false,9388
I0181203,18,MALE,false,3129
I0181203,24,FEMALE,false,3129
I0181408,37,MALE,false,33809
I0181408,37,FEMALE,false,3931
I0181408,0,MALE,false,3931
I0182303,41,MALE,false,15163
I0182303,38,FEMALE,false,2527
I0184101,43,FEMALE,false,32751
I0184101,37,MALE,false,3899
I0184101,13,MALE,false,3899
I0184104,48,FEMALE,false,27575
I0184104,52,MALE,false,3483
I0184104,17,MALE,false,3483
I0184104,12,MALE,false,3483
I0191111,44,FEMALE,false,44226
I0191111,33,MALE,false,5265
I0191405,79,MALE,false,31968
I0193410,63,MALE,false,25132
I0194209,64,FEMALE,false,41963
I0194306,67,FEMALE,false,41963
I0194306,64,MALE,false,4828
I0194308,24,FEMALE,false,27473
I0194308,31,MALE,false,3232
I0202401,58,FEMALE,false,36847
I0202401,62,MALE,false,4806
I0203103,76,FEMALE,false,29759
I0203103,68,MALE,false,2076
I0204202,77,MALE,false,37568
I0204202,77,FEMALE,false,4174
I0204211,26,FEMALE,false,27759
I0204211,26,MALE,false,2414
I0204211,5,MALE,false,2414
I0204211,1,MALE,false,2414
I0211104,46,FEMALE,false,24559
I0211104,15,FEMALE,false,2047
I0211104,11,MALE,false,2047
I0211306,23,MALE,false,54251
I0212401,42,MALE,false,38124
I0212401,34,FEMALE,false,4539
I0212401,24,FEMALE,false,4539
I0213302,73,MALE,false,16956
I0213304,51,MALE,false,32897
I0213304,53,FEMALE,false,4112
I0213304,21,FEMALE,false,4112
I0213304,16,FEMALE,false,4112
I0213304,79,FEMALE,false,4112
I0221304,66,MALE,false,34992
I0221304,62,FEMALE,false,3888
I0221408,69,MALE,false,42768
I0221408,55,FEMALE,false,3888
I0224306,35,FEMALE,false,35581
I0224306,44,MALE,false,4066
I0224306,5,MALE,false,4066
I0232409,49,FEMALE,false,21319
I0232409,49,MALE,false,3046
I0232409,9,FEMALE,false,3046
I0233215,43,FEMALE,false,23571
I0233215,18,FEMALE,false,3929
I0233215,15,MALE,false,3929
I0234115,52,FEMALE,false,38656
I0234115,39,FEMALE,false,4069
I0234115,39,MALE,false,4069
I0234115,9,MALE,false,4069
I0234115,7,FEMALE,false,4069
I0234115,4,FEMALE,false,4069
I0234115,1,FEMALE,false,4069
I0234311,38,FEMALE,false,45903
I0234311,39,MALE,false,5100
I0234311,8,MALE,false,5100
I0234311,4,MALE,false,5100
I0242404,40,MALE,false,27518
I0242404,40,FEMALE,false,3931
I0242404,10,MALE,false,3931
I0242404,7,MALE,false,3931
I0251302,40,FEMALE,false,34139
I0251302,38,MALE,false,4163
I0251302,14,MALE,false,4163
I0251302,11,FEMALE,false,4163
I0251302,4,MALE,false,4163
I0251302,2,FEMALE,false,4163
I0252409,57,MALE,false,32940
I0252409,34,MALE,false,2471
I0261211,61,FEMALE,false,29063
I0261211,22,MALE,false,3791
I0262404,47,FEMALE,false,25812
I0262404,48,FEMALE,false,1801
I0263104,70,FEMALE,false,23603
I0263104,61,MALE,false,3934
I0264108,53,FEMALE,false,40349
I0264108,56,MALE,false,4803
I0264204,52,FEMALE,false,29282
I0264204,64,MALE,false,5856
I0264401,87,MALE,false,59265
I0264401,85,FEMALE,false,8643
I0271204,81,FEMALE,false,41585
I0271404,52,FEMALE,false,38918
I0271404,53,MALE,false,5675
I0271404,26,MALE,false,5675
I0271406,72,MALE,false,26784
I0271406,69,FEMALE,false,3151
I0272207,37,MALE,false,30996
I0274108,47,MALE,false,33024
I0274108,46,FEMALE,false,2446
I0274108,13,MALE,false,2446
I0274108,9,MALE,false,2446
I0281210,46,FEMALE,false,26179
I0281210,14,FEMALE,false,2182
I0282408,70,MALE,false,41939
I0283202,58,FEMALE,false,27508
I0283202,57,MALE,false,3056
I0283203,51,FEMALE,false,23911
I0283203,21,MALE,false,1993
I0283203,19,FEMALE,false,1993
I0283408,52,FEMALE,false,38802
I0283408,53,MALE,false,4938
I0283408,25,MALE,false,4938
I0283408,22,MALE,false,4938
I0283408,21,MALE,false,4938
I0284305,56,MALE,false,35259
I0284305,49,FEMALE,false,3918
I0284305,14,FEMALE,false,3918
I0284408,43,MALE,false,53735
I0284408,35,FEMALE,false,6839
I0284408,8,MALE,false,6839
I0284408,3,MALE,false,6839
I0291305,43,FEMALE,false,37257
I0291305,44,MALE,false,4706
I0291314,69,MALE,false,27038
I0291314,59,FEMALE,false,3110
I0293106,41,MALE,false,27918
I0293106,38,FEMALE,false,2792
I0293106,8,MALE,false,2792
I0293106,1,MALE,false,2792
I0293301,57,MALE,false,27637
I0294113,78,FEMALE,false,28771
I0294213,22,FEMALE,false,21527
I0294213,2,FEMALE,false,2533
I0294216,83,MALE,false,41016
I0294216,88,FEMALE,false,3729
I0301305,78,MALE,false,29695
I0301305,71,FEMALE,false,3299
I0301314,63,FEMALE,false,26625
I0301314,24,FEMALE,false,3883
I0303304,32,MALE,false,37303
I0303304,30,FEMALE,false,4663
I0303304,8,MALE,false,4663
I0303304,5,FEMALE,false,4663
I0303304,3,FEMALE,false,4663
I0311209,57,MALE,false,45738
I0312102,48,FEMALE,false,37322
I0312102,46,MALE,false,4714
I0312102,23,MALE,false,4714
I0312102,18,FEMALE,false,4714
I0312102,16,MALE,false,4714
I0312410,34,MALE,false,40954
I0312410,33,FEMALE,false,4712
I0312410,4,MALE,false,4712
I0312410,1,FEMALE,false,4712
I0312412,32,FEMALE,false,27462
I0312412,35,MALE,false,3923
I0321117,36,MALE,false,34590
I0321117,37,FEMALE,false,4855
I0321117,7,FEMALE,false,4855
I0321117,6,MALE,false,4855
I0321117,4,FEMALE,false,4855
I0321117,1,MALE,false,4855
I0323203,63,MALE,false,35359
I0323203,61,FEMALE,false,4963
I0323212,40,FEMALE,false,27594
I0323212,40,MALE,false,4139
I0323212,5,FEMALE,false,4139
I0323212,2,FEMALE,false,4139
I0323301,40,FEMALE,false,41299
I0323301,41,MALE,false,5162
I0323301,11,MALE,false,5162
I0323301,8,FEMALE,false,5162
I0323402,77,MALE,false,22750
I0324205,35,MALE,false,28156
I0324205,32,FEMALE,false,3839
I0324205,2,MALE,false,3839
I0324205,0,FEMALE,false,3839
I0324402,57,FEMALE,false,26557
I0331310,45,FEMALE,false,20866
I0331310,35,MALE,false,2608
I0331310,1,FEMALE,false,2608
I0332301,80,FEMALE,false,43721
I0333102,47,FEMALE,false,21519
I0333102,18,MALE,false,2152
I0333102,17,MALE,false,2152
I0333102,15,MALE,false,2152
I0333404,68,FEMALE,false,39628
I0333404,66,MALE,false,6097
I0333406,63,FEMALE,false,29333
I0333406,62,MALE,false,4190
I0333417,42,FEMALE,false,26668
I0333417,36,MALE,false,4301
I0333417,1,MALE,false,4301
I0334104,72,MALE,false,46940
I0334104,69,FEMALE,false,6588
I0334311,58,FEMALE,false,32314
I0334318,84,MALE,false,22297
I0334318,71,FEMALE,false,3129
I0341112,27,MALE,false,30067
I0341116,37,MALE,false,42206
I0341116,33,FEMALE,false,5276
I0341116,5,FEMALE,false,5276
I0341116,1,MALE,false,5276
I0341205,39,FEMALE,false,34096
I0341205,13,FEMALE,false,2435
I0341205,10,FEMALE,false,2435
I0341205,6,FEMALE,false,2435
I0341302,36,MALE,false,30070
I0341302,34,FEMALE,false,4039
I0341416,40,FEMALE,false,44075
I0341416,44,MALE,false,4007
I0341416,5,MALE,false,4007
I0341416,1,MALE,false,4007
I0342210,35,MALE,false,28067
I0342210,32,FEMALE,false,3742
I0343117,63,MALE,false,31166
I0343404,63,FEMALE,false,30011
I0343404,25,FEMALE,false,3335
I0344117,35,FEMALE,false,27216
I0344117,35,MALE,false,3888
I0351202,58,FEMALE,false,24395
I0351202,18,MALE,false,1877
I0351211,56,FEMALE,false,27167
I0352115,39,FEMALE,false,88690
I0352115,19,MALE,false,5543
I0352121,68,MALE,false,26195
I0352302,48,MALE,false,57175
I0353403,72,MALE,false,26471
I0353403,61,FEMALE,false,3715
I0353403,13,MALE,false,3715
I0353414,55,MALE,false,40684
I0354209,26,MALE,false,28015
I0354209,29,FEMALE,false,4944
I0361414,71,MALE,false,38075
I0361415,42,MALE,false,28104
I0361415,40,FEMALE,false,4163
I0361415,9,FEMALE,false,4163
I0361415,5,FEMALE,false,4163
I0362301,42,FEMALE,false,19089
I0362301,51,MALE,false,1364
I0362301,21,MALE,false,1364
I0362301,14,FEMALE,false,1364
I0362404,61,MALE,false,27176
I0363103,64,MALE,false,22567
I0363103,61,MALE,false,3761
I0364101,42,MALE,false,29778
I0364101,43,FEMALE,false,4061
I0364101,3,MALE,false,4061
I0364101,1,MALE,false,4061
I0364115,43,MALE,false,24219
I0364115,37,FEMALE,false,1863
I0364115,12,MALE,false,1863
I0364115,10,FEMALE,false,1863
I0364115,7,FEMALE,false,1863
I0364115,5,MALE,false,1863
I0364115,2,FEMALE,false,1863
I0364301,29,FEMALE,false,29711
I0364301,34,MALE,false,4952
I0364308,48,FEMALE,false,51975
I0372101,64,FEMALE,false,36515
I0372101,70,MALE,false,6086
I0372209,76,MALE,false,27068
I0372209,76,FEMALE,false,5414
I0372212,40,MALE,false,31563
I0372212,33,FEMALE,false,2255
I0372212,12,MALE,false,2255
I0372212,5,FEMALE,false,2255
I0372401,63,MALE,false,28588
I0372401,66,FEMALE,false,4012
I0373110,45,MALE,false,28976
I0374110,79,FEMALE,false,28917
I0374112,57,MALE,false,28704
I0374112,49,FEMALE,false,4028
I0374112,18,FEMALE,false,4028
I0374410,35,MALE,false,28682
I0374410,32,FEMALE,false,3853
I0381211,43,MALE,false,63113
I0381211,40,FEMALE,false,5738
I0382408,44,FEMALE,false,78092
I0382408,23,FEMALE,false,5038
I0382408,16,MALE,false,5038
I0391203,43,FEMALE,false,29333
I0391203,44,MALE,false,3826
I0391203,18,MALE,false,3826
I0391203,8,FEMALE,false,3826
I0391314,55,MALE,false,16602
I0391314,47,FEMALE,false,1509
I0391314,24,MALE,false,1509
I0391314,17,MALE,false,1509
I0391406,45,MALE,false,47588
I0391406,45,FEMALE,false,3173
I0391406,18,FEMALE,false,3173
I0391406,14,FEMALE,false,3173
I0391406,11,MALE,false,3173
I0392108,35,MALE,false,18824
I0392108,27,FEMALE,false,3137
I0392108,1,MALE,false,3137
I0392406,89,FEMALE,false,28331
I0393101,46,MALE,false,32530
I0393101,46,FEMALE,false,3742
I0393101,15,MALE,false,3742
I0394213,37,FEMALE,false,38224
I0394410,44,FEMALE,false,32616
I0401211,85,MALE,false,33394
I0401307,62,FEMALE,false,26206
I0402110,37,MALE,false,28199
I0402110,30,FEMALE,false,2014
I0402110,11,FEMALE,false,2014
I0402110,7,MALE,false,2014
I0402110,1,MALE,false,2014
I0402410,31,FEMALE,false,26800
I0402410,8,FEMALE,false,1914
I0402410,4,FEMALE,false,1914
I0402410,0,FEMALE,false,1914
I0403106,37,FEMALE,false,34417
I0403106,37,MALE,false,5162
I0403308,36,FEMALE,false,19151
I0404103,26,FEMALE,false,41016
I0404202,79,MALE,false,40119
I0412212,58,FEMALE,false,37973
I0412212,58,MALE,false,4747
I0412306,80,MALE,false,15271
I0414205,59,FEMALE,false,33656
I0414205,58,MALE,false,4487
I0414205,21,MALE,false,4487
I0414310,40,FEMALE,false,33575
I0431102,24,MALE,false,38429
I0431109,42,FEMALE,false,21519
I0431109,10,FEMALE,false,1677
I0432201,49,MALE,false,16459
I0432201,41,FEMALE,false,2743
I0432201,15,FEMALE,false,2743
I0432201,12,FEMALE,false,2743
I0432201,5,MALE,false,2743
I0432406,39,FEMALE,false,24867
I0432406,35,MALE,false,1658
I0432406,14,MALE,false,1658
I0441212,19,FEMALE,false,32627
I0441212,20,MALE,false,2862
I0441212,19,MALE,false,2862
I0441308,59,MALE,false,33350
I0441308,57,FEMALE,false,4169
I0442113,47,FEMALE,false,58153
I0442113,45,MALE,false,5287
I0442113,16,FEMALE,false,5287
I0442215,47,MALE,false,29705
I0442215,45,FEMALE,false,3875
I0442215,7,FEMALE,false,3875
I0442215,5,FEMALE,false,3875
I0442301,49,MALE,false,24324
I0442301,39,FEMALE,false,1871
I0442301,19,MALE,false,1871
I0442301,18,MALE,false,1871
I0442301,16,FEMALE,false,1871
I0442301,14,FEMALE,false,1871
I0442301,6,MALE,false,1871
I0442323,65,FEMALE,false,17669
I0442401,54,FEMALE,false,47658
I0442401,57,MALE,false,6402
I0443203,38,MALE,false,26093
I0443203,30,FEMALE,false,1631
I0443203,7,FEMALE,false,1631
I0443203,2,FEMALE,false,1631
I0443324,60,MALE,false,19089
I0443324,66,FEMALE,false,1364
I0443405,26,FEMALE,false,42431
I0444106,33,MALE,false,33367
I0444106,36,FEMALE,false,4482
I0444125,36,FEMALE,false,20963
I0444125,44,MALE,false,1634
I0444125,16,FEMALE,false,1634
I0444125,9,FEMALE,false,1634
I0444125,6,MALE,false,1634
I0444402,25,FEMALE,false,19656
I0444402,24,MALE,false,1966
I0451306,69,MALE,false,27197
I0451306,66,FEMALE,false,3885
I0451306,35,MALE,false,3885
I0452207,38,FEMALE,false,43316
I0452207,29,MALE,false,2795
I0452408,60,MALE,false,32073
I0453202,41,MALE,false,52574
I0453202,36,FEMALE,false,6572
I0453202,13,MALE,false,6572
I0453202,5,FEMALE,false,6572
I0453207,44,MALE,false,34077
I0453207,35,MALE,false,4868
I0453207,35,MALE,false,4868
I0453207,30,FEMALE,false,4868
I0453207,25,FEMALE,false,4868
I0454118,29,FEMALE,false,76561
I0454118,28,FEMALE,false,12760
I0454401,29,FEMALE,false,27043
I0454401,7,FEMALE,false,3380
I0454418,33,FEMALE,false,33170
I0454418,14,FEMALE,false,3159
I0454418,10,FEMALE,false,3159
I0454418,2,MALE,false,3159
I0463303,45,FEMALE,false,25053
I0463303,18,FEMALE,false,1952
I0463303,11,FEMALE,false,1952
I0463303,8,FEMALE,false,1952
I0464104,31,MALE,false,24176
I0464104,29,FEMALE,false,2325
I0464304,83,FEMALE,false,45941
I0464414,26,MALE,false,20582
I0464414,68,MALE,false,1871
I0464414,69,FEMALE,false,1871
I0481216,50,MALE,false,52996
I0481216,31,FEMALE,false,3785
I0481216,11,MALE,false,3785
I0481216,10,MALE,false,3785
I0481216,8,FEMALE,false,3785
I0481216,3,MALE,false,3785
I0481216,1,FEMALE,false,3785
I0481309,35,FEMALE,false,30823
I0481309,36,MALE,false,4020
I0481309,3,FEMALE,false,4020
I0481309,2,FEMALE,false,4020
I0481406,30,MALE,false,25175
I0482105,62,FEMALE,false,27329
I0483309,34,FEMALE,false,32192
I0484306,25,MALE,false,23693
I0484306,25,MALE,false,2633
I0484306,24,MALE,false,2633
I0484306,23,FEMALE,false,2633
I0484317,36,FEMALE,false,20723
I0484317,17,MALE,false,1658
I0484317,15,FEMALE,false,1658
I0492114,47,MALE,false,62189
I0492114,46,FEMALE,false,9329
I0492114,15,MALE,false,9329
I0492114,7,MALE,false,9329
I0492214,51,FEMALE,false,34852
I0492214,58,MALE,false,4647
I0492214,24,MALE,false,4647
I0492214,19,MALE,false,4647
I0494105,60,MALE,false,29870
I0494105,52,FEMALE,false,3983
I0494105,13,FEMALE,false,3983
I0494215,36,MALE,false,38405
I0494215,33,FEMALE,false,5486
I0494215,0,MALE,false,5486
I0494215,85,MALE,false,5486
I0494215,73,FEMALE,false,5486
I0502211,35,FEMALE,false,39512
I0502211,41,FEMALE,false,4390
I0502406,80,MALE,false,27915
I0504109,38,MALE,false,36577
I0504109,35,FEMALE,false,5486
I0504109,0,FEMALE,false,5486
I0504211,67,FEMALE,false,76699
I0511102,32,FEMALE,false,23717
I0511102,30,MALE,false,3953
I0511102,13,MALE,false,3953
I0511102,5,FEMALE,false,3953
I0512113,75,FEMALE,false,35570
I0512411,74,MALE,false,28731
I0512411,72,FEMALE,false,3748
I0513409,32,MALE,false,22777
I0513409,32,FEMALE,false,3796
I0513409,2,FEMALE,false,3796
I0513409,0,FEMALE,false,3796
I0514211,86,MALE,false,46035
I0521105,68,FEMALE,false,115466
I0521105,71,MALE,false,15061
I0522308,49,MALE,false,13640
I0531403,80,FEMALE,false,45017
I0532414,50,MALE,false,27184
I0533203,27,FEMALE,false,25431
I0533203,31,MALE,false,2422
I0533203,1,FEMALE,false,2422
I0541302,23,FEMALE,false,96925
I0541302,3,FEMALE,false,6253
I0541414,47,MALE,false,47048
I0541414,42,FEMALE,false,5114
I0541414,20,FEMALE,false,5114
I0541414,18,FEMALE,false,5114
I0541414,14,MALE,false,5114
I0541414,2,MALE,false,5114
I0542413,59,FEMALE,false,62370
I0543109,62,MALE,false,32565
I0543109,59,FEMALE,false,3540
I0543109,24,FEMALE,false,3540
I0543414,44,MALE,false,71885
I0544214,52,MALE,false,37311
I0544214,51,FEMALE,false,4523
I0544301,47,MALE,false,29670
I0544301,43,FEMALE,false,3297
I0544301,18,FEMALE,false,3297
I0544301,15,FEMALE,false,3297
I0551403,31,MALE,false,62843
I0551403,28,FEMALE,false,2514
I0551403,5,FEMALE,false,2514
I0552301,75,FEMALE,false,30699
I0553408,50,MALE,false,25151
I0553408,30,FEMALE,false,3281
I0554310,64,FEMALE,false,51584
I0554310,63,MALE,false,6728
I0554407,61,MALE,false,26006
I0554407,61,FEMALE,false,2827
I0554407,25,FEMALE,false,2827
I0554407,25,FEMALE,false,2827
I0561301,73,FEMALE,false,29462
I0561313,37,MALE,false,24035
I0561313,42,FEMALE,false,2913
I0561313,13,FEMALE,false,2913
I0561313,10,MALE,false,2913
I0561403,39,FEMALE,false,28453
I0561403,39,MALE,false,3794
I0561403,12,MALE,false,3794
I0561403,11,MALE,false,3794
I0563110,39,MALE,false,30864
I0563110,46,FEMALE,false,4409
I0563110,11,MALE,false,4409
I0563110,9,MALE,false,4409
I0564102,59,FEMALE,false,36515
I0564102,21,MALE,false,3969
I0571206,50,FEMALE,false,62654
I0571206,44,MALE,false,4820
I0571206,7,MALE,false,4820
I0572109,85,MALE,false,24926
I0572109,50,MALE,false,3116
I0572207,29,FEMALE,false,31263
I0572207,34,MALE,false,3607
I0572401,54,MALE,false,43073
I0572401,49,FEMALE,false,4682
I0572401,73,MALE,false,4682
I0572401,74,FEMALE,false,4682
I0573306,63,MALE,false,28045
I0573306,63,FEMALE,false,3048
I0574301,54,MALE,false,37174
I0574409,86,MALE,false,44761
I0574409,85,FEMALE,false,4865
I0581304,64,FEMALE,false,31952
I0582206,45,MALE,false,29932
I0582206,44,FEMALE,false,3904
I0582206,12,MALE,false,3904
I0582206,10,FEMALE,false,3904
I0582210,43,MALE,false,18428
I0583206,37,FEMALE,false,21978
I0583206,48,MALE,false,1998
I0583206,19,MALE,false,1998
I0583206,17,MALE,false,1998
I0583310,23,FEMALE,false,37276
I0583310,3,MALE,false,2071
I0583310,1,MALE,false,2071
I0583310,0,FEMALE,false,2071
I0583408,33,FEMALE,false,13924
I0583408,36,MALE,false,1547
I0584216,42,MALE,false,89764
I0584216,40,FEMALE,false,14961
I0584216,18,FEMALE,false,14961
I0584216,14,MALE,false,14961
I0584216,5,FEMALE,false,14961
I0591102,35,FEMALE,false,37714
I0591102,37,MALE,false,4714
I0591102,4,FEMALE,false,4714
I0591403,34,MALE,false,41502
I0591403,31,FEMALE,false,4369
I0591403,4,FEMALE,false,4369
I0592301,72,MALE,false,58674
I0592301,68,FEMALE,false,7412
I0593202,67,MALE,false,37376
I0593202,64,FEMALE,false,4590
I0593407,40,MALE,false,36955
I0593407,43,FEMALE,false,4703
I0593407,5,MALE,false,4703
I0593407,3,MALE,false,4703
I0594402,33,MALE,false,57947
I0594402,32,FEMALE,false,7320
I0594402,3,FEMALE,false,7320
I0594402,0,FEMALE,false,7320
I0601206,33,MALE,false,54081
I0601206,32,FEMALE,false,5408
I0601206,2,MALE,false,5408
I0601206,0,FEMALE,false,5408
I0601405,66,FEMALE,false,57348
I0603103,87,MALE,false,22583
I0603103,80,FEMALE,false,2946
I0603207,48,FEMALE,false,35359
I0603207,24,FEMALE,false,17680
I0603210,55,MALE,false,53417
I0603210,44,FEMALE,false,6145
I0603210,13,FEMALE,false,6145
I0603210,11,MALE,false,6145
I0603309,75,FEMALE,false,32927
I0603309,75,MALE,false,3788
I0611109,54,MALE,false,33890
I0611109,51,FEMALE,false,3899
I0611402,50,FEMALE,false,39555
I0611402,43,MALE,false,4709
I0611402,8,MALE,false,4709
I0612107,68,MALE,false,26506
I0612107,68,FEMALE,false,3181
I0612109,50,FEMALE,false,33021
I0612109,50,MALE,false,3931
I0612109,20,MALE,false,3931
I0612112,60,MALE,false,33842
I0612112,63,FEMALE,false,3893
I0613113,72,FEMALE,false,31949
I0613308,46,MALE,false,38934
I0613308,43,FEMALE,false,5840
I0613308,5,MALE,false,5840
I0614202,41,FEMALE,false,44169
I0614202,44,MALE,false,5081
I0614202,11,MALE,false,5081
I0614202,9,MALE,false,5081
I0614202,6,FEMALE,false,5081
I0621109,39,FEMALE,false,32859
I0621109,50,MALE,false,3459
I0621311,36,MALE,false,79542
I0621311,37,FEMALE,false,5303
I0621311,9,MALE,false,5303
I0621311,5,FEMALE,false,5303
I0621311,3,FEMALE,false,5303
I0622303,60,MALE,false,30043
I0622303,48,FEMALE,false,3664
I0624416,72,MALE,false,32670
I0624416,60,FEMALE,false,3799
I0632205,57,FEMALE,false,34101
I0632205,59,MALE,false,3410
I0632205,21,MALE,false,3410
I0632205,17,MALE,false,3410
I0633215,45,FEMALE,false,41256
I0633215,34,MALE,false,6188
I0633412,30,MALE,false,32243
I0633412,29,FEMALE,false,4606
I0634312,76,MALE,false,39542
I0634312,79,FEMALE,false,4822
I0641109,42,FEMALE,false,33232
I0641109,11,FEMALE,false,4053
I0642412,64,FEMALE,false,24640
I0643308,42,MALE,false,33666
I0643308,44,FEMALE,false,3848
I0651211,36,FEMALE,false,41240
I0651211,12,MALE,false,2946
I0651213,83,MALE,false,28571
I0651213,69,FEMALE,false,3089
I0651401,79,FEMALE,false,25431
I0651401,51,MALE,false,3912
I0652211,44,FEMALE,false,23077
I0652211,33,MALE,false,2098
I0652211,15,MALE,false,2098
I0652211,10,MALE,false,2098
I0652211,6,FEMALE,false,2098
I0653104,44,FEMALE,false,18741
I0653104,38,MALE,false,1704
I0653104,4,MALE,false,1704
I0654402,38,FEMALE,false,75886
I0654409,32,MALE,false,84664
I0654409,31,FEMALE,false,10325
I0654409,1,MALE,false,10325
I0661111,85,MALE,false,34142
I0661111,74,FEMALE,false,3594
I0661208,53,FEMALE,false,36974
I0661208,55,MALE,false,3915
I0661402,33,MALE,false,77201
I0662101,54,MALE,false,24049
I0662101,50,FEMALE,false,3607
I0662101,21,MALE,false,3607
I0663404,59,MALE,false,31242
I0663404,59,FEMALE,false,4463
I0671305,73,MALE,false,31050
I0671305,72,FEMALE,false,1350
I0672307,39,MALE,false,29138
I0672307,50,FEMALE,false,3067
I0673302,54,MALE,false,35640
I0673302,47,FEMALE,false,4455
I0673411,74,MALE,false,44169
I0673411,73,FEMALE,false,4649
I0674401,57,MALE,false,42350
I0674401,46,FEMALE,false,4458
I0674401,16,FEMALE,false,4458
I0674409,53,FEMALE,false,34236
I0674409,54,MALE,false,3424
I0681104,59,MALE,false,29179
I0681104,59,FEMALE,false,4053
I0682105,66,MALE,false,28202
I0682105,48,FEMALE,false,3418
I0682306,66,MALE,false,41564
I0682306,59,FEMALE,false,4890
I0682404,31,FEMALE,false,55123
I0682404,34,MALE,false,6988
I0683411,32,FEMALE,false,28588
I0683411,38,MALE,false,5198
I0683411,4,MALE,false,5198
I0683411,2,MALE,false,5198
I0684405,50,FEMALE,false,36210
I0684405,14,MALE,false,4590
I0691102,60,MALE,false,24956
I0691102,64,FEMALE,false,2773
I0692207,60,MALE,false,38656
I0692207,59,FEMALE,false,4069
I0701409,68,MALE,false,46140
I0703402,79,MALE,false,22118
I0703402,79,FEMALE,false,2681
I0711308,42,FEMALE,false,35597
I0711308,45,MALE,false,4139
I0711308,9,MALE,false,4139
I0711308,7,MALE,false,4139
I0722402,64,MALE,false,29174
I0722408,42,MALE,false,42995
I0722408,41,FEMALE,false,4946
I0722408,14,MALE,false,4946
I0722408,12,MALE,false,4946
I0722408,8,MALE,false,4946
I0724201,40,MALE,false,117563
I0724301,68,FEMALE,false,43448
I0724301,77,MALE,false,4828
I0731201,41,MALE,false,49780
I0731201,37,FEMALE,false,5856
I0731201,8,FEMALE,false,5856
I0731201,4,MALE,false,5856
I0731403,35,MALE,false,41307
I0731403,34,FEMALE,false,3934
I0731403,0,FEMALE,false,3934
I0731403,2,MALE,false,3934
I0732308,39,FEMALE,false,20682
I0732308,13,FEMALE,false,2068
I0732308,6,FEMALE,false,2068
I0732413,56,MALE,false,17642
I0732413,60,FEMALE,false,1960
I0733114,39,FEMALE,false,33904
I0733114,43,MALE,false,4109
I0733114,14,MALE,false,4109
I0733114,10,MALE,false,4109
I0734102,30,MALE,false,25564
I0734102,32,FEMALE,false,1420
I0734102,3,FEMALE,false,1420
I0734107,51,FEMALE,false,19737
I0741101,42,FEMALE,false,59719
I0742110,65,MALE,false,33461
I0743204,50,FEMALE,false,30983
I0743204,50,MALE,false,4131
I0743204,17,FEMALE,false,4131
I0743208,34,MALE,false,34123
I0743208,33,FEMALE,false,4074
I0744102,46,FEMALE,false,26271
I0744102,12,MALE,false,3753
I0744109,53,MALE,false,28401
I0744109,46,FEMALE,false,3391
I0744109,21,FEMALE,false,3391
I0744109,19,FEMALE,false,3391
I0751407,37,MALE,false,23026
I0751407,26,FEMALE,false,1771
I0751407,0,FEMALE,false,1771
I0754103,51,MALE,false,28180
I0754103,81,FEMALE,false,4026
I0761310,28,MALE,false,49367
I0761310,26,FEMALE,false,5808
I0762318,44,MALE,false,38875
I0762318,48,FEMALE,false,5071
I0762318,11,FEMALE,false,5071
I0762318,9,FEMALE,false,5071
I0762413,61,FEMALE,false,26503
I0762413,64,MALE,false,2881
I0763202,51,MALE,false,40538
I0763202,47,FEMALE,false,4406
I0763202,14,FEMALE,false,4406
I0773213,73,FEMALE,false,31439
I0773304,66,FEMALE,false,30326
I0774206,85,FEMALE,false,21967
I0774208,70,MALE,false,26001
I0774217,27,FEMALE,false,46356
I0774217,29,MALE,false,5349
I0774402,55,FEMALE,false,39785
I0781210,65,MALE,false,35654
I0781210,62,FEMALE,false,4134
I0782104,67,MALE,false,29692
I0782105,85,FEMALE,false,29784
I0783308,71,MALE,false,39172
I0783308,65,FEMALE,false,3264
I0783308,28,MALE,false,3264
I0791206,68,MALE,false,35475
I0791206,62,FEMALE,false,3734
I0791405,62,FEMALE,false,21700
I0793302,37,MALE,false,48562
I0793302,33,FEMALE,false,2857
I0793302,16,MALE,false,2857
I0793302,9,FEMALE,false,2857
I0794408,66,MALE,false,31231
I0794408,54,FEMALE,false,3785
I0794408,19,MALE,false,3785
I0801202,72,FEMALE,false,38030
I0801202,65,MALE,false,2535
I0801316,71,MALE,false,57208
I0801316,69,FEMALE,false,6218
I0802304,39,MALE,false,15552
I0802304,31,FEMALE,false,1944
I0802304,11,FEMALE,false,1944
I0802304,9,MALE,false,1944
I0802304,9,MALE,false,1944
I0802304,4,FEMALE,false,1944
I0802304,1,MALE,false,1944
I0802309,75,FEMALE,false,35224
I0802404,69,FEMALE,false,26927
I0803207,39,MALE,false,40176
I0803207,34,FEMALE,false,2511
I0803207,12,MALE,false,2511
I0803207,6,MALE,false,2511
I0803406,29,FEMALE,false,53009
I0803406,30,MALE,false,5762
I0803406,0,MALE,false,5762
I0804210,52,FEMALE,false,40767
I0804210,21,MALE,false,5824
I0804210,17,FEMALE,false,5824
I0811409,76,MALE,false,25547
I0811409,61,FEMALE,false,2962
I0811411,77,FEMALE,false,34838
I0811411,69,MALE,false,4544
I0812209,75,FEMALE,false,35575
I0814413,73,MALE,false,29784
I0821208,30,FEMALE,false,29749
I0821208,29,MALE,false,2125
I0821208,2,FEMALE,false,2125
I0822302,64,MALE,false,37309
I0822302,64,FEMALE,false,4055
I0822402,32,MALE,false,44348
I0822402,30,FEMALE,false,2957
I0822402,7,FEMALE,false,2957
I0822402,6,MALE,false,2957
I0824106,57,FEMALE,false,62327
I0824106,17,MALE,false,8130
I0832106,54,MALE,false,26611
I0832106,52,FEMALE,false,3326
I0832106,11,MALE,false,3326
I0833207,65,FEMALE,false,27259
I0834407,56,MALE,false,70567
I0841109,51,MALE,false,79102
I0841109,18,MALE,false,10787
I0841302,60,MALE,false,76594
I0841302,59,FEMALE,false,9574
I0841302,26,MALE,false,9574
I0841404,64,MALE,false,36553
I0841404,63,FEMALE,false,4431
I0843208,37,FEMALE,false,33899
I0843208,41,MALE,false,3767
I0843208,4,MALE,false,3767
I0843208,2,MALE,false,3767
I0843407,66,MALE,false,45406
I0843407,65,FEMALE,false,5821
I0844102,72,MALE,false,20426
I0851103,49,FEMALE,false,28080
I0851103,47,MALE,false,1755
I0851103,7,FEMALE,false,1755
I0851104,54,FEMALE,false,66247
I0851109,61,MALE,false,31898
I0851109,55,FEMALE,false,3866
I0853106,61,FEMALE,false,33016
I0853106,57,MALE,false,3602
I0853212,45,MALE,false,12587
I0853212,46,FEMALE,false,1798
I0853212,12,FEMALE,false,1798
I0853405,30,MALE,false,19570
I0853405,26,FEMALE,false,2446
I0861106,73,FEMALE,false,23004
I0861202,35,FEMALE,false,19505
I0861202,35,FEMALE,false,2786
I0862301,62,FEMALE,false,24597
I0862301,59,MALE,false,3154
I0862408,75,MALE,false,39617
I0862408,73,FEMALE,false,3834
I0864102,33,FEMALE,false,36045
I0864102,11,FEMALE,false,3605
I0871308,63,MALE,false,38192
I0871308,60,FEMALE,false,4841
I0872107,42,FEMALE,false,27726
I0872107,17,MALE,false,3578
I0872107,15,MALE,false,3578
I0872107,12,MALE,false,3578
I0872109,34,FEMALE,false,30675
I0872109,51,MALE,false,4382
I0872109,5,FEMALE,false,4382
I0872109,3,FEMALE,false,4382
I0872210,79,MALE,false,34193
I0874105,67,FEMALE,false,17669
I0874105,61,MALE,false,4417
I0881210,46,FEMALE,false,33836
I0881210,8,MALE,false,8459
I0881410,58,MALE,false,41221
I0881410,23,MALE,false,5889
I0882302,63,MALE,false,27572
I0882302,59,FEMALE,false,4595
I0882408,23,FEMALE,false,36323
I0882408,23,MALE,false,3205
I0882408,0,MALE,false,3205
I0891408,72,MALE,false,22016
I0891408,71,FEMALE,false,3669
I0892110,78,MALE,false,57337
I0892110,72,FEMALE,false,7320
I0892206,41,MALE,false,24754
I0892206,32,FEMALE,false,3194
I0892206,0,MALE,false,3194
I0892307,36,FEMALE,false,50738
I0892307,35,MALE,false,6477
I0892307,14,FEMALE,false,6477
I0892307,3,FEMALE,false,6477
I0894108,78,MALE,false,32149
I0894108,63,FEMALE,false,4593
I0894212,39,FEMALE,false,30156
I0894212,37,MALE,false,1774
I0894212,19,MALE,false,1774
I0894212,17,FEMALE,false,1774
I0894212,3,FEMALE,false,1774
I0901107,86,MALE,false,50868
I0901201,27,MALE,false,80349
I0901201,66,MALE,false,9453
I0901201,58,FEMALE,false,9453
I0901408,31,MALE,false,38837
I0901408,30,FEMALE,false,5011
I0901419,44,MALE,false,41607
I0901419,51,FEMALE,false,4968
I0902113,32,MALE,false,50220
I0902113,28,FEMALE,false,5022
I0903104,22,MALE,false,37392
I0903104,22,MALE,false,3299
I0903104,22,MALE,false,3299
I0903104,21,MALE,false,3299
I0903314,40,FEMALE,false,36720
I0903314,40,MALE,false,4590
I0903314,20,FEMALE,false,4590
I0903314,18,FEMALE,false,4590
I0903314,15,MALE,false,4590
I0903314,2,MALE,false,4590
I0911209,69,MALE,false,28607
I0911209,65,FEMALE,false,3731
I0911209,38,MALE,false,3731
I0911217,48,MALE,false,23404
I0911217,47,FEMALE,false,2128
I0911217,15,MALE,false,2128
I0911220,59,MALE,false,28285
I0911415,35,MALE,false,47102
I0911415,34,FEMALE,false,6013
I0912309,29,FEMALE,false,20318
I0912314,47,MALE,false,31882
I0913104,33,FEMALE,false,65813
I0914308,39,MALE,false,29819
I0914308,38,FEMALE,false,3780
I0914308,8,MALE,false,3780
I0914308,6,MALE,false,3780
I0914308,2,MALE,false,3780
I0914401,30,FEMALE,false,41407
I0914401,5,FEMALE,false,5176
I0922304,59,MALE,false,31153
I0923108,46,FEMALE,false,80779
I0923108,47,MALE,false,11540
I0923108,14,FEMALE,false,11540
I0924306,61,MALE,false,78805
I0924306,69,FEMALE,false,10060
I0932214,45,MALE,false,26960
I0932214,16,FEMALE,false,2379
I0932401,79,MALE,false,14386
I0933208,55,MALE,false,35305
I0933208,51,FEMALE,false,4280
I0933208,28,MALE,false,4280
I0933208,25,FEMALE,false,4280
I0934408,46,FEMALE,false,28366
I0934408,53,MALE,false,1669
I0934408,18,MALE,false,1669
I0934408,14,FEMALE,false,1669
I0934408,10,MALE,false,1669
I0934408,8,FEMALE,false,1669
I0942301,46,FEMALE,false,33928
I0942301,46,MALE,false,4425
I0942406,46,FEMALE,false,33807
I0942406,43,MALE,false,4037
I0942406,18,MALE,false,4037
I0942406,16,FEMALE,false,4037
I0942406,14,FEMALE,false,4037
I0942406,4,FEMALE,false,4037
I0953301,53,MALE,false,56803
I0953301,54,FEMALE,false,7889
I0953301,30,MALE,false,7889
I0953301,22,FEMALE,false,7889
I0953301,28,FEMALE,false,7889
I0954305,33,FEMALE,false,28733
I0954305,34,MALE,false,3642
I0954305,5,FEMALE,false,3642
I0954305,2,FEMALE,false,3642
I0954305,1,MALE,false,3642
I0961209,45,MALE,false,38259
I0961209,45,FEMALE,false,3826
I0961209,18,FEMALE,false,3826
I0961209,16,MALE,false,3826
I0962308,48,FEMALE,false,17339
I0962308,16,MALE,false,1334
I0962308,12,MALE,false,1334
I0963102,77,FEMALE,false,25637
I0963108,37,MALE,false,30764
I0963108,36,FEMALE,false,3418
I0963109,24,FEMALE,false,24044
I0963109,8,MALE,false,1850
I0963109,4,FEMALE,false,1850
I0963306,41,FEMALE,false,26039
I0963306,45,MALE,false,3156
I0963306,2,MALE,false,3156
I0963306,2,MALE,false,3156
I0963406,80,MALE,false,33650
I0963406,76,FEMALE,false,4674
I0972414,38,FEMALE,false,32743
I0972414,37,MALE,false,3910
I0972414,3,MALE,false,3910
I0972414,1,MALE,false,3910
I0973210,79,FEMALE,false,22640
I0973210,82,MALE,false,1742
I0974107,24,MALE,false,42080
I0974107,21,FEMALE,false,5430
I0974107,1,FEMALE,false,5430
I0974107,0,MALE,false,5430
I0974401,75,FEMALE,false,23544
I0974404,33,MALE,false,33939
I0974411,50,MALE,false,23868
I0974411,49,FEMALE,false,2387
I0983211,46,FEMALE,false,42363
I0983211,42,MALE,false,4047
I0983412,48,FEMALE,false,26233
I0991310,72,MALE,false,33089
I0991310,69,FEMALE,false,3818
I0994209,66,MALE,false,31660
I0994209,65,FEMALE,false,3275
I1001203,50,FEMALE,false,38313
I1001203,55,MALE,false,4644
I1002105,56,MALE,false,49783
I1002105,56,FEMALE,false,6494
I1002105,26,FEMALE,false,6494
I1004306,69,FEMALE,false,24694
I1004306,65,MALE,false,2948
I1012107,68,MALE,false,28796
I1014107,56,MALE,false,33575
I1014107,60,FEMALE,false,4477
I1014305,47,MALE,false,41737
I1014305,36,FEMALE,false,5797
I1014305,5,FEMALE,false,5797
I1014305,0,FEMALE,false,5797
I1021202,32,FEMALE,false,33431
I1021202,31,MALE,false,3262
I1021202,1,MALE,false,3262
I1022108,54,FEMALE,false,27799
I1022108,52,MALE,false,2851
I1022203,37,MALE,false,29530
I1022203,36,FEMALE,false,3013
I1022203,12,FEMALE,false,3013
I1022203,9,FEMALE,false,3013
I1023306,53,MALE,false,72851
I1023306,52,FEMALE,false,8095
I1023306,19,FEMALE,false,8095
I1023306,16,MALE,false,8095
I1023306,22,MALE,false,8095
I1023409,80,MALE,false,51492
I1023409,76,FEMALE,false,3961
I1024111,55,FEMALE,false,33207
I1024111,60,MALE,false,4209
I1024111,22,MALE,false,4209
I1031103,80,MALE,false,73853
I1031103,78,FEMALE,false,8689
I1031209,34,FEMALE,false,53009
I1031209,36,MALE,false,1828
I1031209,10,MALE,false,1828
I1031209,10,MALE,false,1828
I1031209,8,MALE,false,1828
I1031209,5,MALE,false,1828
I1031406,62,MALE,false,40273
I1031406,57,FEMALE,false,3356
I1031406,19,MALE,false,3356
I1032405,41,FEMALE,false,29354
I1032405,15,FEMALE,false,1631
I1041209,67,MALE,false,65059
I1041209,56,FEMALE,false,2711
I1044304,24,MALE,false,82110
I1044304,26,FEMALE,false,9123
I1051107,77,MALE,false,37203
I1062307,53,MALE,false,36013
I1062307,82,MALE,false,4617
I1062307,78,FEMALE,false,4617
I1063102,68,MALE,false,25750
I1063102,63,FEMALE,false,3121
I1063303,75,FEMALE,false,39056
I1064204,50,FEMALE,false,33623
I1064204,55,MALE,false,3956
I1064204,26,MALE,false,3956
I1064204,22,FEMALE,false,3956
I1064204,18,FEMALE,false,3956
I1064204,12,FEMALE,false,3956
I1064204,10,MALE,false,3956
I1064204,7,FEMALE,false,3956
I1064304,48,FEMALE,false,11923
I1064401,70,FEMALE,false,41089
I1064401,30,MALE,false,5268
I1071207,72,MALE,false,35640
I1071303,20,MALE,false,21354
I1071303,19,FEMALE,false,1941
I1071303,20,FEMALE,false,1941
I1071303,20,MALE,false,1941
I1071303,20,MALE,false,1941
I1071303,20,MALE,false,1941
I1071303,20,FEMALE,false,1941
I1072105,30,MALE,false,29635
I1072105,29,FEMALE,false,2778
I1073110,51,MALE,false,26150
I1081112,39,FEMALE,false,45166
I1081112,39,MALE,false,4406
I1081112,13,FEMALE,false,4406
I1081112,9,MALE,false,4406
I1081204,81,FEMALE,false,30537
I1081306,56,FEMALE,false,27348
I1081306,57,MALE,false,3907
I1081306,22,FEMALE,false,3907
I1081306,19,MALE,false,3907
I1082113,54,MALE,false,42074
I1082113,52,FEMALE,false,4590
I1082113,23,MALE,false,4590
I1082113,14,MALE,false,4590
I1082306,70,MALE,false,32770
I1082306,69,FEMALE,false,3575
I1083303,35,MALE,false,15285
I1083303,31,FEMALE,false,1698
I1083303,3,MALE,false,1698
I1083303,9,MALE,false,1698
I1083412,44,MALE,false,40713
I1083412,44,FEMALE,false,4442
I1083412,8,FEMALE,false,4442
I1083412,6,FEMALE,false,4442
I1083413,19,FEMALE,false,21087
I1083413,19,MALE,false,2109
I1083413,19,FEMALE,false,2109
I1083413,20,FEMALE,false,2109
I1083413,20,FEMALE,false,2109
I1083413,19,MALE,false,2109
I1091207,65,MALE,false,31406
I1091207,61,FEMALE,false,3926
I1101302,60,MALE,false,42223
I1101309,76,MALE,false,32100
I1102113,37,FEMALE,false,74777
I1102113,36,MALE,false,9064
I1114111,46,FEMALE,false,41297
I1114111,51,MALE,false,5900
I1114308,63,MALE,false,45371
I1114308,55,FEMALE,false,4566
I1122413,66,FEMALE,false,32292
I1123201,76,FEMALE,false,35362
I1123314,63,MALE,false,31082
I1123314,63,FEMALE,false,3885
I1124202,29,MALE,false,28887
I1124202,25,FEMALE,false,2708
I1124202,0,MALE,false,2708
I1124202,3,MALE,false,2708
I1131102,47,FEMALE,false,25658
I1131102,20,MALE,false,2816
I1131102,12,FEMALE,false,2816
I1132206,47,MALE,false,29570
I1132206,45,FEMALE,false,3059
I1132206,23,MALE,false,3059
I1132206,20,MALE,false,3059
I1132206,15,MALE,false,3059
I1133105,83,MALE,false,58099
I1133105,79,FEMALE,false,6010
I1133105,45,MALE,false,6010
I1133105,44,FEMALE,false,6010
I1134210,35,FEMALE,false,36785
I1134210,36,MALE,false,3702
I1134210,7,FEMALE,false,3702
I1134210,2,FEMALE,false,3702
I1134210,2,FEMALE,false,3702
I1142206,65,MALE,false,59724
I1142206,62,FEMALE,false,5972
I1142206,38,MALE,false,5972
I1142410,65,FEMALE,false,35381
I1143306,22,MALE,false,31412
I1143306,24,FEMALE,false,2371
I1143306,0,FEMALE,false,2371
I1144408,52,MALE,false,36825
I1144408,55,FEMALE,false,3918
I1144408,22,FEMALE,false,3918
I1151116,47,MALE,false,35551
I1151116,52,FEMALE,false,3578
I1151116,11,MALE,false,3578
I1152204,87,MALE,false,23285
I1152204,82,FEMALE,false,2911
I1152216,29,FEMALE,false,25979
I1152216,43,MALE,false,1528
I1152216,3,FEMALE,false,1528
I1152216,1,MALE,false,1528
I1152301,42,FEMALE,false,42676
I1152303,41,MALE,false,23714
I1152303,47,FEMALE,false,3162
I1153314,70,MALE,false,28118
I1154314,44,MALE,false,46929
I1154314,44,FEMALE,false,4722
I1154314,14,MALE,false,4722
I1154314,12,MALE,false,4722
I1161209,58,MALE,false,23774
I1161310,63,MALE,false,106853
I1161310,63,FEMALE,false,11054
I1163107,30,MALE,false,23425
I1163107,22,FEMALE,false,1301
I1163107,2,FEMALE,false,1301
I1171201,22,MALE,false,20968
I1171201,22,FEMALE,false,1906
I1171201,0,MALE,false,1906
I1171212,61,MALE,false,35392
I1171212,55,FEMALE,false,3661
I1172404,46,FEMALE,false,101790
I1174109,43,MALE,false,24991
I1174210,43,FEMALE,false,26592
I1174210,40,MALE,false,2533
I1174210,8,FEMALE,false,2533
I1181117,64,MALE,false,46024
I1181117,61,FEMALE,false,7671
I1181214,85,FEMALE,false,28450
I1181214,61,MALE,false,2943
I1181214,59,FEMALE,false,2943
I1181308,58,FEMALE,false,40365
I1181308,60,MALE,false,4037
I1182116,57,MALE,false,35100
I1183103,62,FEMALE,false,33731
I1183103,55,MALE,false,3235
I1183418,56,MALE,false,20752
I1183418,52,FEMALE,false,1482
I1184103,56,FEMALE,false,37301
I1184103,52,MALE,false,4145
I1184307,45,FEMALE,false,27327
I1184307,19,FEMALE,false,2827
I1192102,39,FEMALE,false,21986
I1192102,14,FEMALE,false,1293
I1192102,17,MALE,false,1293
I1193215,71,MALE,false,38648
I1193215,62,FEMALE,false,4242
I1193215,38,MALE,false,4242
I1193215,41,FEMALE,false,4242
I1193215,14,FEMALE,false,4242
I1193215,13,MALE,false,4242
I1193215,10,MALE,false,4242
I1193215,7,FEMALE,false,4242
I1193217,24,FEMALE,false,34717
I1193217,31,MALE,false,4166
I1193217,22,FEMALE,false,4166
I1193217,23,MALE,false,4166
I1193217,0,MALE,false,4166
I1193217,0,FEMALE,false,4166
I1193308,46,FEMALE,false,54327
I1193308,20,MALE,false,2859
I1193308,16,FEMALE,false,2859
I1193308,14,MALE,false,2859
I1194212,34,MALE,false,53193
I1194212,33,FEMALE,false,5503
I1201410,46,FEMALE,false,60623
I1201410,47,MALE,false,5813
I1201410,10,MALE,false,5813
I1202207,45,MALE,false,82509
I1204304,39,MALE,false,76999
I1204304,26,FEMALE,false,7333
I1204304,12,MALE,false,7333
I1204304,7,MALE,false,7333
I1204404,56,FEMALE,false,20318
I1204404,60,MALE,false,4064
I1211211,45,MALE,false,30032
I1211211,44,FEMALE,false,4290
I1211211,20,MALE,false,4290
I1211211,4,MALE,false,4290
I1211415,87,MALE,false,30594
I1211415,78,FEMALE,false,3399
I1212204,67,FEMALE,false,42260
I1212305,77,MALE,false,13568
I1212305,76,FEMALE,false,4523
I1213412,89,FEMALE,false,49982
I1214203,46,FEMALE,false,32603
I1214203,49,MALE,false,3105
I1214310,34,FEMALE,false,27691
I1214310,17,FEMALE,false,2090
I1214310,5,MALE,false,2090
I1222109,51,MALE,false,23258
I1222109,44,FEMALE,false,2813
I1222109,19,MALE,false,2813
I1222109,16,FEMALE,false,2813
I1222109,15,FEMALE,false,2813
I1222109,12,MALE,false,2813
I1222401,51,FEMALE,false,38232
I1222406,54,FEMALE,false,21376
I1222406,53,FEMALE,false,3289
I1223205,27,FEMALE,false,32073
I1223205,3,MALE,false,1974
I1224401,32,FEMALE,false,22766
I1224401,2,FEMALE,false,1339
I1224401,1,MALE,false,1339
I1231206,63,MALE,false,49216
I1231206,51,FEMALE,false,4101
I1231206,28,MALE,false,4101
I1231206,19,FEMALE,false,4101
I1231206,28,MALE,false,4101
I1231206,29,MALE,false,4101
I1231206,19,FEMALE,false,4101
I1231206,23,FEMALE,false,4101
I1231206,23,MALE,false,4101
I1231206,19,FEMALE,false,4101
I1231206,19,FEMALE,false,4101
I1231206,1,MALE,false,4101
I1231308,31,MALE,false,21222
I1231308,30,FEMALE,false,1769
I1231308,4,MALE,false,1769
I1231308,3,FEMALE,false,1769
I1232101,71,FEMALE,false,50239
I1233302,56,FEMALE,false,46999
I1233302,41,MALE,false,7231
I1234409,73,MALE,false,30210
I1234409,66,FEMALE,false,2886
I1241410,58,MALE,false,20196
I1243101,54,MALE,false,88943
I1243101,54,FEMALE,false,13684
I1243101,25,FEMALE,false,13684
I1243101,23,FEMALE,false,13684
I1243303,25,FEMALE,false,88063
I1243303,1,FEMALE,false,11008
I1251105,49,FEMALE,false,37422
I1251105,55,MALE,false,3920
I1251105,24,FEMALE,false,3920
I1251313,29,FEMALE,false,25088
I1251313,36,MALE,false,3035
I1251313,3,FEMALE,false,3035
I1251313,5,MALE,false,3035
I1252107,51,MALE,false,32084
I1252107,53,FEMALE,false,3775
I1252107,19,MALE,false,3775
I1252207,41,FEMALE,false,39601
I1252207,48,MALE,false,4752
I1252207,14,FEMALE,false,4752
I1252207,12,FEMALE,false,4752
I1252207,7,FEMALE,false,4752
I1253101,59,MALE,false,30407
I1253101,58,FEMALE,false,3146
I1253305,27,FEMALE,false,20277
I1253305,25,MALE,false,1763
I1261119,77,FEMALE,false,39590
I1261119,76,MALE,false,4658
I1261307,73,MALE,false,80379
I1261405,20,FEMALE,false,17002
I1261405,20,FEMALE,false,1250
I1261405,20,FEMALE,false,1250
I1261405,20,FEMALE,false,1250
I1261405,19,FEMALE,false,1250
I1261405,21,FEMALE,false,1250
I1262111,34,FEMALE,false,34717
I1262111,6,FEMALE,false,3637
I1262111,4,FEMALE,false,3637
I1263118,67,MALE,false,63604
I1263301,31,FEMALE,false,27367
I1263301,5,MALE,false,3421
I1263301,3,FEMALE,false,3421
I1263310,75,MALE,false,24419
I1263310,74,FEMALE,false,2616
I1264305,43,FEMALE,false,31423
I1264305,6,FEMALE,false,1428
I1271307,43,MALE,false,34223
I1271307,50,FEMALE,false,3270
I1271402,45,MALE,false,28547
I1271402,37,FEMALE,false,3453
I1271402,1,MALE,false,3453
I1272402,48,FEMALE,false,97578
I1272402,13,MALE,false,9758
I1272402,11,FEMALE,false,9758
I1281403,29,FEMALE,false,44728
I1281403,24,MALE,false,2033
I1281403,13,MALE,false,2033
I1283401,25,FEMALE,false,51808
I1283401,2,MALE,false,3985
I1291110,41,FEMALE,false,32870
I1291110,38,MALE,false,3343
I1291110,14,MALE,false,3343
I1291110,14,MALE,false,3343
I1291206,65,MALE,false,29894
I1291206,64,FEMALE,false,3040
I1291215,27,FEMALE,false,20620
I1291215,27,MALE,false,2946
I1291215,0,MALE,false,2946
I1291307,52,FEMALE,false,117034
I1291307,25,MALE,false,12261
I1292303,59,FEMALE,false,32851
I1292303,30,FEMALE,false,1428
I1292303,5,FEMALE,false,1428
I1292303,3,MALE,false,1428
I1293104,39,FEMALE,false,51611
I1293104,30,MALE,false,5530
I1293104,59,MALE,false,5530
I1293104,59,FEMALE,false,5530
I1293104,16,MALE,false,5530
I1293104,11,FEMALE,false,5530
I1293104,2,MALE,false,5530
I1294301,78,MALE,false,54783
I1294308,46,FEMALE,false,32576
I1294308,47,MALE,false,3429
I1294308,21,MALE,false,3429
I1294308,19,MALE,false,3429
I1294410,49,MALE,false,32681
I1294410,56,FEMALE,false,3424
I1301105,34,MALE,false,22302
I1301105,43,FEMALE,false,1593
I1301204,27,MALE,false,47574
I1301204,25,FEMALE,false,2379
I1301407,34,MALE,false,26730
I1301407,27,FEMALE,false,1485
I1301407,10,MALE,false,1485
I1301407,7,MALE,false,1485
I1301407,7,FEMALE,false,1485
I1301407,3,MALE,false,1485
I1301407,1,MALE,false,1485
I1301407,0,FEMALE,false,1485
I1303409,68,MALE,false,25429
I1303409,66,FEMALE,false,1496
I1304311,68,FEMALE,false,33442
I1304311,67,MALE,false,1520
I1311301,38,FEMALE,false,24419
I1311301,40,MALE,false,2954
I1311301,4,MALE,false,2954
I1311301,0,MALE,false,2954
I1311303,75,FEMALE,false,59416
I1311303,82,MALE,false,7187
I1311405,64,FEMALE,false,27605
I1312206,64,MALE,false,35386
I1312206,62,FEMALE,false,3707
I1313311,38,MALE,false,24235
I1313311,34,FEMALE,false,3029
I1313311,7,FEMALE,false,3029
I1313311,2,MALE,false,3029
I1321313,48,MALE,false,48805
I1321313,45,FEMALE,false,4663
I1321313,14,FEMALE,false,4663
I1322202,41,MALE,false,45854
I1322202,32,FEMALE,false,5503
I1322202,2,FEMALE,false,5503
I1331410,59,MALE,false,38923
I1331410,54,FEMALE,false,3958
I1333305,26,FEMALE,false,33348
I1333305,50,MALE,false,3391
I1333305,0,MALE,false,3391
I1334308,61,FEMALE,false,20606
I1334308,88,FEMALE,false,2576
I1341403,58,MALE,false,39903
I1341403,58,FEMALE,false,4560
I1343105,41,MALE,false,51257
I1343208,28,MALE,false,23101
I1343208,29,MALE,false,2009
I1343302,22,MALE,false,43403
I1343302,21,MALE,false,3191
I1351101,30,FEMALE,false,37592
I1351101,37,MALE,false,1928
I1351108,47,FEMALE,false,33461
I1351108,47,MALE,false,3937
I1351108,12,FEMALE,false,3937
I1351213,63,FEMALE,false,26168
I1351213,63,MALE,false,2670
I1351403,60,MALE,false,32935
I1351403,58,FEMALE,false,3213
I1352415,61,MALE,false,35230
I1352415,64,FEMALE,false,3775
I1352415,29,MALE,false,3775
I1352415,26,MALE,false,3775
I1353103,48,MALE,false,36590
I1353103,41,FEMALE,false,3920
I1353103,22,FEMALE,false,3920
I1353103,12,FEMALE,false,3920
I1353402,51,FEMALE,false,30380
I1353402,50,MALE,false,1558
I1353402,26,MALE,false,1558
I1353402,21,MALE,false,1558
I1361203,38,FEMALE,false,50228
I1362203,66,FEMALE,false,45004
I1371201,46,MALE,false,80360
I1371201,44,FEMALE,false,8419
I1371201,16,FEMALE,false,8419
I1371201,13,FEMALE,false,8419
I1374206,29,FEMALE,false,32303
I1374206,11,FEMALE,false,2692
I1374206,10,MALE,false,2692
I1374206,4,FEMALE,false,2692
I1381103,26,MALE,false,37525
I1381103,23,FEMALE,false,3931
I1381105,63,MALE,false,66339
I1381105,54,FEMALE,false,9477
I1382214,50,FEMALE,false,31955
I1382214,51,MALE,false,2130
I1382214,17,FEMALE,false,2130
I1382214,9,FEMALE,false,2130
I1382302,26,FEMALE,false,38235
I1382302,29,MALE,false,4625
I1392109,42,FEMALE,false,24089
I1392109,73,FEMALE,false,1771
I1392109,15,FEMALE,false,1771
I1392109,11,MALE,false,1771
I1392204,29,MALE,false,31361
I1392204,31,FEMALE,false,3794
I1393307,50,FEMALE,false,32910
I1393307,47,MALE,false,3526
I1393307,25,FEMALE,false,3526
I1393307,5,FEMALE,false,3526
I1393407,36,MALE,false,28941
I1393407,38,FEMALE,false,3308
I1401204,52,FEMALE,false,31820
I1401204,52,MALE,false,3040
I1401204,29,MALE,false,3040
I1401208,67,FEMALE,false,33904
I1402302,47,FEMALE,false,78484
I1402302,20,MALE,false,8969
I1402302,43,MALE,false,8969
I1411203,50,FEMALE,false,30173
I1411203,48,MALE,false,3621
I1411203,16,MALE,false,3621
I1411203,14,FEMALE,false,3621
I1411205,53,FEMALE,false,30302
I1411210,77,MALE,false,33485
I1412305,27,MALE,false,68340
I1412305,27,MALE,false,6213
I1413106,73,FEMALE,false,50979
I1413106,63,MALE,false,3848
I1413108,51,MALE,false,30910
I1413108,51,FEMALE,false,3110
I1413108,74,FEMALE,false,3110
I1413213,63,FEMALE,false,21503
I1413413,44,MALE,false,55058
I1413413,51,FEMALE,false,5540
I1413413,17,MALE,false,5540
I1414113,80,MALE,false,24035
I1414113,58,MALE,false,2557
I1423207,83,MALE,false,72252
I1424406,85,MALE,false,56071
I1424408,62,FEMALE,false,28728
I1432107,68,FEMALE,false,24462
I1432206,34,FEMALE,false,39139
I1432206,34,MALE,false,3753
I1432206,0,FEMALE,false,3753
I1432409,23,FEMALE,false,25888
I1432409,20,FEMALE,false,2157
I1432409,20,FEMALE,false,2157
I1432409,20,FEMALE,false,2157
I1434307,52,MALE,false,18949
I1441208,29,FEMALE,false,22113
I1441208,34,MALE,false,3159
I1441208,0,FEMALE,false,3159
I1441304,28,MALE,false,34846
I1441304,24,FEMALE,false,3872
I1452207,23,MALE,false,37897
I1452207,20,FEMALE,false,2614
I1452207,0,MALE,false,2614
I1452211,46,FEMALE,false,66053
I1452211,21,FEMALE,false,6005
I1452301,52,MALE,false,18347
I1453410,44,MALE,false,44782
I1461106,55,MALE,false,23393
I1461201,66,FEMALE,false,59230
I1461201,70,MALE,false,7538
I1462113,66,MALE,false,18414
I1462113,64,FEMALE,false,3683
I1463111,52,MALE,false,37884
I1463111,53,FEMALE,false,4371
I1464217,44,MALE,false,27313
I1464305,58,FEMALE,false,65092
I1471304,67,FEMALE,false,44717
I1471304,67,MALE,false,3440
I1471306,71,FEMALE,false,53609
I1473407,46,FEMALE,false,20056
I1473407,45,MALE,false,3343
I1473407,16,MALE,false,3343
I1474105,82,MALE,false,29165
I1474105,72,FEMALE,false,2651
I1481208,51,FEMALE,false,43548
I1481208,74,MALE,false,4161
I1482409,73,MALE,false,41931
I1482409,67,FEMALE,false,4393
I1483205,65,FEMALE,false,74933
I1483205,67,MALE,false,6812
I1484105,67,MALE,false,32297
I1484105,63,FEMALE,false,3907
I1491205,28,MALE,false,51257
I1491205,25,FEMALE,false,7322
I1491305,27,MALE,false,54821
I1492205,26,MALE,false,68000
I1502405,80,FEMALE,false,13943
I1502405,55,MALE,false,3486
I1502405,50,MALE,false,3486
I1504107,31,FEMALE,false,37247
I1511211,56,MALE,false,34525
I1511211,35,MALE,false,3699
I1513201,65,MALE,false,11899
I1513201,64,FEMALE,false,3966
I1514110,44,FEMALE,false,37568
I1522106,70,MALE,false,19181
I1522304,57,MALE,false,30229
I1523401,43,MALE,false,24052
I1531408,47,FEMALE,false,45900
I1531408,46,MALE,false,4590
I1531408,18,MALE,false,4590
I1531408,21,FEMALE,false,4590
I1532304,27,FEMALE,false,18131
I1532304,35,MALE,false,3626
I1532304,3,FEMALE,false,3626
I1532304,0,FEMALE,false,3626
I1532405,66,MALE,false,13111
I1532405,64,FEMALE,false,3278
I1534208,81,FEMALE,false,24008
I1542403,77,MALE,false,30181
I1542403,75,FEMALE,false,1677
I1543304,74,MALE,false,62910
I1543304,74,FEMALE,false,6291
I1552305,35,FEMALE,false,23026
I1552305,14,FEMALE,false,1439
I1552305,14,FEMALE,false,1439
I1553404,50,MALE,false,17132
I1553404,47,FEMALE,false,3426
I1553404,21,MALE,false,3426
I1553404,17,FEMALE,false,3426
I1561403,73,MALE,false,40740
I1561403,73,FEMALE,false,4701
I1563202,44,MALE,false,99347
I1563202,44,FEMALE,false,9032
I1563202,18,FEMALE,false,9032
I1563202,15,FEMALE,false,9032
I1563204,29,FEMALE,false,49029
I1563204,30,MALE,false,5003
I1563210,67,MALE,false,37303
I1564209,33,FEMALE,false,35386
I1571309,52,MALE,false,30807
I1571309,48,FEMALE,false,3081
I1572401,53,MALE,false,26217
I1573407,78,MALE,false,32951
I1573407,51,FEMALE,false,3661
I1574406,62,MALE,false,39776
I1574406,60,FEMALE,false,5063
