age,sex,population,all,cerebrovascular,cerebrovascular_ratio,cardiopulmonary,cardiopulmonary_ratio,lungcancer,lungcancer_ratio,myocardialinfarction,myocardialinfarction_ratio,wincerebrovascular,wincerebrovascular_ratio,wincardiovascular,wincardiovascular_ratio,winmyocardialinfarction,winmyocardialinfarction_ratio
0,MALE,358100,538,0,0.04,41.79563679,2.061,0,0.005,0,0.002,0,0.04,1.204363211,0.167,0,0.002
1,MALE,359400,118,0,0.04,30.11302192,2.061,0,0.005,0,0.002,0,0.04,0.886978082,0.167,0,0.002
2,MALE,345200,66,0,0.04,18.43040705,2.061,0,0.005,0,0.002,0,0.04,0.569592954,0.167,0,0.002
3,MALE,334200,51,0,0.04,11.62373489,2.061,0,0.005,0,0.002,0,0.04,0.376265108,0.167,0,0.002
4,MALE,326700,36,0,0.04,9.693005456,2.061,0,0.005,0,0.002,0,0.04,0.306994544,0.167,0,0.002
5,MALE,322800,35,0,0.09,7.76227602,1.462,0,0.006,0,0.003,0,0.09,0.23772398,0.374,0,0.003
6,MALE,312300,31,0,0.09,5.831546584,1.462,0,0.006,0,0.003,0,0.09,0.168453416,0.374,0,0.003
7,MALE,301700,21,0,0.09,3.900817147,1.462,0,0.006,0,0.003,0,0.09,0.099182853,0.374,0,0.003
8,MALE,301000,34,0,0.09,4.080980577,1.462,0,0.006,0,0.003,0,0.09,0.119019423,0.374,0,0.003
9,MALE,309300,36,0,0.09,4.261144006,1.462,0,0.006,0,0.003,0,0.09,0.138855994,0.374,0,0.003
10,MALE,317700,28,0,0.09,4.441307436,1.462,0,0.006,0,0.003,0,0.09,0.158692564,0.374,0,0.003
11,MALE,322800,34,0,0.09,4.621470865,1.462,0,0.006,0,0.003,0,0.09,0.178529135,0.374,0,0.003
12,MALE,332200,38,0,0.09,4.801634295,1.462,0,0.006,0,0.003,0,0.09,0.198365705,0.374,0,0.003
13,MALE,330200,35,0,0.09,5.550625971,1.462,0,0.006,0.185831021,0.003,0,0.09,0.249374029,0.374,0.014168979,0.003
14,MALE,333000,45,0,0.09,6.299617646,1.462,0,0.006,0.371662042,0.003,0,0.09,0.300382354,0.374,0.028337958,0.003
15,MALE,342200,57,0,0.332,7.048609322,0.449,0,0.007,0.557493063,0.12,0,0.332,0.351390678,0.185,0.042506937,0.12
16,MALE,349400,76,0,0.332,7.797600998,0.449,0,0.007,0.743324084,0.12,0,0.332,0.402399002,0.185,0.056675916,0.12
17,MALE,363500,129,0,0.332,8.546592674,0.449,0,0.007,0.929155105,0.12,0,0.332,0.453407326,0.185,0.070844895,0.12
18,MALE,374800,182,0.185831021,0.332,9.706919533,0.449,0.2,0.007,0.929155105,0.12,0.014168979,0.332,0.493080467,0.185,0.070844895,0.12
19,MALE,374500,157,0.371662042,0.332,10.86724639,0.449,0.4,0.007,0.929155105,0.12,0.028337958,0.332,0.532753608,0.185,0.070844895,0.12
20,MALE,373500,198,0.557493063,0.332,12.02757325,0.449,0.6,0.007,0.929155105,0.12,0.042506937,0.332,0.572426749,0.185,0.070844895,0.12
21,MALE,385000,229,0.743324084,0.332,13.18790011,0.449,0.8,0.007,0.929155105,0.12,0.056675916,0.332,0.612099891,0.185,0.070844895,0.12
22,MALE,384700,211,0.929155105,0.332,14.34822697,0.449,1,0.007,0.929155105,0.12,0.070844895,0.332,0.651773032,0.185,0.070844895,0.12
23,MALE,384700,237,1.300817147,0.332,15.84904412,0.449,1,0.007,0.929155105,0.12,0.099182853,0.332,0.750955884,0.185,0.070844895,0.12
24,MALE,397000,227,1.672479189,0.332,17.34986126,0.449,1,0.007,0.929155105,0.12,0.127520811,0.332,0.850138737,0.185,0.070844895,0.12
25,MALE,388400,223,2.044141232,0.332,18.85067841,0.449,1,0.007,0.929155105,0.12,0.155858768,0.332,0.949321589,0.185,0.070844895,0.12
26,MALE,378600,221,2.415803274,0.332,20.35149556,0.449,1,0.007,0.929155105,0.12,0.184196726,0.332,1.048504442,0.185,0.070844895,0.12
27,MALE,364700,237,2.787465316,0.332,21.85231271,0.449,1,0.007,0.929155105,0.12,0.212534684,0.332,1.147687295,0.185,0.070844895,0.12
28,MALE,374400,239,3.159127358,0.332,24.47094977,0.449,1,0.007,1.486648168,0.12,0.240872642,0.332,1.329050225,0.185,0.113351832,0.12
29,MALE,372700,288,3.5307894,0.332,27.08958684,0.449,1,0.007,2.044141232,0.12,0.2692106,0.332,1.510413156,0.185,0.155858768,0.12
30,MALE,356700,311,3.902451442,0.314,29.70822391,0.205,1,0.005,2.601634295,0.104,0.297548558,0.314,1.691776086,0.136,0.198365705,0.104
31,MALE,339300,305,4.274113484,0.314,32.32686098,0.205,1,0.005,3.159127358,0.104,0.325886516,0.314,1.873139017,0.136,0.240872642,0.104
32,MALE,334900,315,4.645775526,0.314,34.94549805,0.205,1,0.005,3.716620421,0.104,0.354224474,0.314,2.054501947,0.136,0.283379579,0.104
33,MALE,342600,299,6.504085737,0.314,41.3771046,0.205,2.2,0.005,4.645775526,0.104,0.495914263,0.314,2.4228954,0.136,0.354224474,0.104
34,MALE,351200,354,8.362395947,0.314,47.80871115,0.205,3.4,0.005,5.574930632,0.104,0.637604053,0.314,2.791288853,0.136,0.425069368,0.104
35,MALE,355300,343,10.22070616,0.314,54.24031769,0.205,4.6,0.005,6.504085737,0.104,0.779293842,0.314,3.159682305,0.136,0.495914263,0.104
36,MALE,371200,384,12.07901637,0.314,60.67192424,0.205,5.8,0.005,7.433240842,0.104,0.920983632,0.314,3.528075758,0.136,0.566759158,0.104
37,MALE,387400,456,13.93732658,0.314,67.10353079,0.205,7,0.005,8.362395947,0.104,1.062673421,0.314,3.896469211,0.136,0.637604053,0.104
38,MALE,397900,546,17.28228496,0.314,81.26189344,0.205,9.8,0.005,9.477382074,0.104,1.317715042,0.314,4.73810656,0.136,0.722617926,0.104
39,MALE,396600,589,20.62724334,0.314,95.42025609,0.205,12.6,0.005,10.5923682,0.104,1.572756663,0.314,5.57974391,0.136,0.8076318,0.104
40,MALE,407200,615,23.97220172,0.314,109.5786187,0.205,15.4,0.005,11.70735433,0.104,1.827798284,0.314,6.421381259,0.136,0.892645674,0.104
41,MALE,411500,665,27.31716009,0.314,123.7369814,0.205,18.2,0.005,12.82234045,0.104,2.082839905,0.314,7.263018609,0.136,0.977659547,0.104
42,MALE,420400,693,30.66211847,0.314,137.895344,0.205,21,0.005,13.93732658,0.104,2.337881526,0.314,8.104655958,0.136,1.062673421,0.104
43,MALE,417300,754,38.65285238,0.314,152.9686928,0.205,25,0.005,15.05231271,0.104,2.947147621,0.314,9.031307181,0.136,1.147687295,0.104
44,MALE,417100,932,46.64358628,0.314,168.0420416,0.205,29,0.005,16.16729883,0.104,3.556413716,0.314,9.957958404,0.136,1.232701168,0.104
45,MALE,410000,963,54.63432019,0.223,183.1153904,0.167,33,0.01,17.28228496,0.091,4.165679811,0.223,10.88460963,0.119,1.317715042,0.091
46,MALE,400200,951,62.62505409,0.223,198.1887391,0.167,37,0.01,18.39727108,0.091,4.774945905,0.223,11.81126085,0.119,1.402728916,0.091
47,MALE,388200,996,70.615788,0.223,213.2620879,0.167,41,0.01,19.51225721,0.091,5.384212,0.223,12.73791207,0.119,1.48774279,0.091
48,MALE,379300,1065,77.49153578,0.223,232.1824117,0.167,52.6,0.01,22.48555355,0.091,5.908464221,0.223,13.81758827,0.119,1.714446453,0.091
49,MALE,364100,1135,84.36728356,0.223,251.1027355,0.167,64.2,0.01,25.45884988,0.091,6.432716442,0.223,14.89726447,0.119,1.941150116,0.091
50,MALE,357800,1184,91.24303134,0.223,270.0230593,0.167,75.8,0.01,28.43214622,0.091,6.956968663,0.223,15.97694066,0.119,2.167853779,0.091
51,MALE,353700,1292,98.11877912,0.223,288.9433831,0.167,87.4,0.01,31.40544256,0.091,7.481220884,0.223,17.05661686,0.119,2.394557442,0.091
52,MALE,339200,1436,104.9945269,0.223,307.8637069,0.167,99,0.01,34.37873889,0.091,8.005473105,0.223,18.13629305,0.119,2.621261105,0.091
53,MALE,325800,1449,111.8702747,0.223,345.7209225,0.167,118.6,0.01,37.90952829,0.091,8.529725326,0.223,19.87907746,0.119,2.890471705,0.091
54,MALE,317100,1533,118.7460225,0.223,383.5781381,0.167,138.2,0.01,41.44031769,0.091,9.053977548,0.223,21.62186187,0.119,3.159682305,0.091
55,MALE,317200,1661,125.6217702,0.223,421.4353537,0.167,157.8,0.01,44.97110709,0.091,9.578229769,0.223,23.36464628,0.119,3.428892905,0.091
56,MALE,311200,1934,132.497518,0.223,459.2925693,0.167,177.4,0.01,48.50189649,0.091,10.10248199,0.223,25.1074307,0.119,3.698103505,0.091
57,MALE,307900,1988,139.3732658,0.223,497.1497849,0.167,197,0.01,52.03268589,0.091,10.62673421,0.223,26.85021511,0.119,3.967314105,0.091
58,MALE,308300,2126,157.0272128,0.223,572.3310277,0.167,232.4,0.01,58.90843367,0.091,11.97278721,0.223,30.46897233,0.119,4.491566326,0.091
59,MALE,316200,2334,174.6811598,0.223,647.5122704,0.167,267.8,0.01,65.78418145,0.091,13.31884021,0.223,34.08772955,0.119,5.015818547,0.091
60,MALE,326100,2672,192.3351068,0.173,722.6935132,0.138,303.2,0.015,72.65992923,0.089,14.66489321,0.173,37.70648678,0.112,5.540070769,0.089
61,MALE,349900,2925,209.9890538,0.173,797.874756,0.138,338.6,0.015,79.53567701,0.089,16.01094621,0.173,41.325244,0.112,6.06432299,0.089
62,MALE,364000,3386,227.6430008,0.173,873.0559988,0.138,374,0.015,86.41142479,0.089,17.35699921,0.173,44.94400122,0.112,6.588575211,0.089
63,MALE,293200,3860,236.5628898,0.173,925.5816603,0.138,397,0.015,96.44629993,0.089,18.0371102,0.173,47.01833974,0.112,7.353700074,0.089
64,MALE,284300,3491,245.4827788,0.173,978.1073217,0.138,420,0.015,106.4811751,0.089,18.71722119,0.173,49.09267826,0.112,8.118824937,0.089
65,MALE,275900,3674,254.4026678,0.173,1030.632983,0.138,443,0.015,116.5160502,0.089,19.39733218,0.173,51.16701678,0.112,8.8839498,0.089
66,MALE,261400,3991,263.3225568,0.173,1083.158645,0.138,466,0.015,126.5509253,0.089,20.07744317,0.173,53.24135529,0.112,9.649074663,0.089
67,MALE,233300,4070,272.2424458,0.173,1135.684306,0.138,489,0.015,136.5858005,0.089,20.75755416,0.173,55.31569381,0.112,10.41419953,0.089
68,MALE,216400,4092,284.8789553,0.173,1242.080588,0.138,506.4,0.015,153.4964234,0.089,21.72104473,0.173,59.71941247,0.112,11.70357661,0.089
69,MALE,222400,4179,297.5154647,0.173,1348.476869,0.138,523.8,0.015,170.4070463,0.089,22.6845353,0.173,64.12313113,0.112,12.99295369,0.089
70,MALE,219900,4624,310.1519741,0.122,1454.87315,0.108,541.2,0.023,187.3176692,0.075,23.64802586,0.122,68.52684978,0.092,14.28233078,0.075
71,MALE,213800,5018,322.7884836,0.122,1561.269432,0.108,558.6,0.023,204.2282921,0.075,24.61151643,0.122,72.93056844,0.092,15.57170786,0.075
72,MALE,205000,5477,335.424993,0.122,1667.665713,0.108,576,0.023,221.1389151,0.075,25.575007,0.122,77.3342871,0.092,16.86108495,0.075
73,MALE,195300,5741,355.4947433,0.122,1803.70624,0.108,584,0.023,242.6953135,0.075,27.10525673,0.122,83.29375964,0.092,18.50468651,0.075
74,MALE,184700,5994,375.5644935,0.122,1939.746768,0.108,592,0.023,264.2517119,0.075,28.63550645,0.122,89.25323219,0.092,20.14828806,0.075
75,MALE,171300,6300,395.6342438,0.122,2075.787295,0.108,600,0.023,285.8081104,0.075,30.16575618,0.122,95.21270473,0.092,21.79188962,0.075
76,MALE,165000,6480,415.7039941,0.122,2211.827823,0.108,608,0.023,307.3645088,0.075,31.69600591,0.122,101.1721773,0.092,23.43549118,0.075
77,MALE,158600,6886,435.7737444,0.122,2347.86835,0.108,616,0.023,328.9209073,0.075,33.22625563,0.122,107.1316498,0.092,25.07909274,0.075
78,MALE,151400,7489,447.6669297,0.122,2486.865936,0.108,595,0.023,352.5214469,0.075,34.13307028,0.122,112.7340641,0.092,26.87855306,0.075
79,MALE,139800,7675,459.5601151,0.122,2625.863522,0.108,574,0.023,376.1219866,0.075,35.03988494,0.122,118.3364784,0.092,28.67801339,0.075
80,MALE,127600,8042,471.4533004,0.094,2764.861107,0.092,553,0.043,399.7225263,0.047,35.94669959,0.094,123.9388927,0.083,30.47747372,0.047
81,MALE,115400,8296,483.3464858,0.094,2903.858693,0.092,532,0.043,423.323066,0.047,36.85351424,0.094,129.5413069,0.083,32.27693404,0.047
82,MALE,107000,8223,495.2396711,0.094,3042.856279,0.092,511,0.043,446.9236056,0.047,37.7603289,0.094,135.1437212,0.083,34.07639437,0.047
83,MALE,96700,8243,483.1606547,0.094,3059.376933,0.092,472.6,0.043,450.8260571,0.047,36.83934526,0.094,135.2230675,0.083,34.37394293,0.047
84,MALE,85000,8427,471.0816384,0.094,3075.897586,0.092,434.2,0.043,454.7285085,0.047,35.91836163,0.094,135.3024138,0.083,34.67149148,0.047
85,MALE,74000,8338,459.002622,0.094,3092.41824,0.092,395.8,0.043,458.63096,0.047,34.997378,0.094,135.38176,0.083,34.96904004,0.047
86,MALE,65000,7960,446.9236056,0.094,3108.938894,0.092,357.4,0.043,462.5334114,0.047,34.07639437,0.094,135.4611063,0.083,35.2665886,0.047
87,MALE,58100,7699,434.8445893,0.094,3125.459547,0.092,319,0.043,466.4358628,0.047,33.15541074,0.094,135.5404526,0.083,35.56413716,0.047
88,MALE,52300,7358,383.5552275,0.094,2823.448798,0.092,273.6,0.043,419.2347835,0.047,29.24477255,0.094,121.7512023,0.083,31.96521651,0.047
89,MALE,41000,7267,332.2658656,0.094,2521.438048,0.092,228.2,0.043,372.0337041,0.047,25.33413436,0.094,107.961952,0.083,28.36629585,0.047
90,MALE,28600,6202,280.9765038,0.094,2219.427298,0.092,182.8,0.043,324.8326248,0.047,21.42349617,0.094,94.17270168,0.083,24.7673752,0.047
91,MALE,20300,3813,229.687142,0.094,1917.416549,0.092,137.4,0.043,277.6315455,0.047,17.51285798,0.094,80.38345137,0.083,21.16845455,0.047
92,MALE,16500,3114,178.3977802,0.094,1615.405799,0.092,92,0.043,230.4304661,0.047,13.60221979,0.094,66.59420105,0.083,17.5695339,0.047
93,MALE,13200,2917,158.0802552,0.094,1440.783114,0.092,80.8,0.043,204.4141232,0.047,12.05307809,0.094,59.21688602,0.083,15.58587684,0.047
94,MALE,10000,2626,137.7627303,0.094,1266.160429,0.092,69.6,0.043,178.3977802,0.047,10.50393639,0.094,51.83957098,0.083,13.60221979,0.047
95,MALE,7200,2046,117.4452053,0.094,1091.537744,0.092,58.4,0.043,152.3814373,0.047,8.954794695,0.094,44.46225594,0.083,11.61856274,0.047
96,MALE,4900,1518,97.12768034,0.094,916.9150591,0.092,47.2,0.043,126.3650943,0.047,7.405652997,0.094,37.0849409,0.083,9.634905684,0.047
97,MALE,3200,1045,76.81015537,0.094,742.2923741,0.092,36,0.043,100.3487514,0.047,5.856511298,0.094,29.70762586,0.083,7.651248632,0.047
98,MALE,2000,766,56.4926304,0.094,567.6696892,0.092,24.8,0.043,74.33240842,0.047,4.3073696,0.094,22.33031082,0.083,5.667591579,0.047
99,MALE,1200,447,36.17510543,0.094,393.0470042,0.092,13.6,0.043,48.31606547,0.047,2.758227902,0.094,14.95299578,0.083,3.683934526,0.047
100,MALE,700,326,23.65122086,0.094,277.9415107,0.092,7.272727273,0.043,32.09808545,0.047,1.803324593,0.094,10.24030751,0.083,2.447369091,0.047
101,MALE,400,193,18.92097669,0.094,222.3532085,0.092,5.818181818,0.043,25.67846836,0.047,1.442659675,0.094,8.19224601,0.083,1.957895273,0.047
102,MALE,200,88,14.19073252,0.094,166.7649064,0.092,4.363636364,0.043,19.25885127,0.047,1.081994756,0.094,6.144184507,0.083,1.468421455,0.047
103,MALE,100,48,9.460488344,0.094,111.1766043,0.092,2.909090909,0.043,12.83923418,0.047,0.721329837,0.094,4.096123005,0.083,0.978947636,0.047
104,MALE,100,23,4.730244172,0.094,55.58830213,0.092,1.454545455,0.043,6.419617091,0.047,0.360664919,0.094,2.048061502,0.083,0.489473818,0.047
105,MALE,100,20,0,0.094,0,0.092,0,0.043,0,0.047,0,0.094,0,0.083,0,0.047
0,FEMALE,340900,479,0,0.041,43.79563679,2.075,0,0.005,2.787465316,0.003,0,0.041,1.204363211,0.158,0.212534684,0.003
1,FEMALE,342800,107,0,0.041,29.42070616,2.075,0,0.005,1.672479189,0.003,0,0.041,0.779293842,0.158,0.127520811,0.003
2,FEMALE,328600,43,0,0.041,15.04577553,2.075,0,0.005,0.557493063,0.003,0,0.041,0.354224474,0.158,0.042506937,0.003
3,FEMALE,319100,46,0,0.041,7.634513657,2.075,0,0.005,0,0.003,0,0.041,0.14326412,0.158,0,0.003
4,FEMALE,312100,33,0,0.041,7.186920551,2.075,0,0.005,0,0.003,0,0.041,0.146412782,0.158,0,0.003
5,FEMALE,307400,26,0,0.097,6.739327444,2.943,0,0.004,0,0.002,0,0.097,0.149561444,0.89,0,0.002
6,FEMALE,295900,27,0,0.097,6.291734338,2.943,0,0.004,0,0.002,0,0.097,0.152710106,0.89,0,0.002
7,FEMALE,288900,26,0,0.097,5.844141232,2.943,0,0.004,0,0.002,0,0.097,0.155858768,0.89,0,0.002
8,FEMALE,289700,34,0,0.097,5.455476415,2.943,0,0.004,0,0.002,0,0.097,0.144523585,0.89,0,0.002
9,FEMALE,295600,22,0,0.097,5.066811598,2.943,0,0.004,0,0.002,0,0.097,0.133188402,0.89,0,0.002
10,FEMALE,303200,22,0,0.097,4.678146781,2.943,0,0.004,0,0.002,0,0.097,0.121853219,0.89,0,0.002
11,FEMALE,309300,21,0,0.097,4.289481964,2.943,0,0.004,0,0.002,0,0.097,0.110518036,0.89,0,0.002
12,FEMALE,316900,29,0,0.097,3.900817147,2.943,0,0.004,0,0.002,0,0.097,0.099182853,0.89,0,0.002
13,FEMALE,315000,26,0,0.097,4.663977802,2.943,0,0.004,0,0.002,0,0.097,0.136022198,0.89,0,0.002
14,FEMALE,315700,49,0,0.097,5.427138457,2.943,0,0.004,0,0.002,0,0.097,0.172861543,0.89,0,0.002
15,FEMALE,324400,51,0,0.415,6.190299112,1.132,0,0.005,0,0.165,0,0.415,0.209700888,0.37,0,0.165
16,FEMALE,330300,57,0,0.415,6.953459766,1.132,0,0.005,0,0.165,0,0.415,0.246540234,0.37,0,0.165
17,FEMALE,343800,78,0,0.415,7.716620421,1.132,0,0.005,0,0.165,0,0.415,0.283379579,0.37,0,0.165
18,FEMALE,353000,76,0,0.415,7.885448667,1.132,0,0.005,0,0.165,0,0.415,0.314551333,0.37,0,0.165
19,FEMALE,357100,80,0,0.415,8.054276914,1.132,0,0.005,0,0.165,0,0.415,0.345723086,0.37,0,0.165
20,FEMALE,357400,75,0,0.415,8.22310516,1.132,0,0.005,0,0.165,0,0.415,0.37689484,0.37,0,0.165
21,FEMALE,366000,59,0,0.415,8.391933406,1.132,0,0.005,0,0.165,0,0.415,0.408066594,0.37,0,0.165
22,FEMALE,364100,68,0,0.415,8.560761653,1.132,0,0.005,0,0.165,0,0.415,0.439238347,0.37,0,0.165
23,FEMALE,373500,95,0,0.415,9.892750554,1.132,0,0.005,0.185831021,0.165,0,0.415,0.507249446,0.37,0.014168979,0.165
24,FEMALE,378800,97,0,0.415,11.22473945,1.132,0,0.005,0.371662042,0.165,0,0.415,0.575260545,0.37,0.028337958,0.165
25,FEMALE,367700,97,0,0.415,12.55672836,1.132,0,0.005,0.557493063,0.165,0,0.415,0.643271644,0.37,0.042506937,0.165
26,FEMALE,356200,102,0,0.415,13.88871726,1.132,0,0.005,0.743324084,0.165,0,0.415,0.711282743,0.37,0.056675916,0.165
27,FEMALE,357400,126,0,0.415,15.22070616,1.132,0,0.005,0.929155105,0.165,0,0.415,0.779293842,0.37,0.070844895,0.165
28,FEMALE,365400,140,0.371662042,0.415,16.16686404,1.132,0.4,0.005,0.929155105,0.165,0.028337958,0.415,0.833135962,0.37,0.070844895,0.165
29,FEMALE,364500,112,0.743324084,0.415,17.11302192,1.132,0.8,0.005,0.929155105,0.165,0.056675916,0.415,0.886978082,0.37,0.070844895,0.165
30,FEMALE,348800,156,1.114986126,0.451,18.0591798,0.727,1.2,0.008,0.929155105,0.255,0.085013874,0.451,0.940820202,0.275,0.070844895,0.255
31,FEMALE,334100,132,1.486648168,0.451,19.00533768,0.727,1.6,0.008,0.929155105,0.255,0.113351832,0.451,0.994662322,0.275,0.070844895,0.255
32,FEMALE,328300,162,1.858310211,0.451,19.95149556,0.727,2,0.008,0.929155105,0.255,0.141689789,0.451,1.048504442,0.275,0.070844895,0.255
33,FEMALE,336300,158,2.229972253,0.451,23.18146781,0.727,2.6,0.008,1.486648168,0.255,0.170027747,0.451,1.218532189,0.275,0.113351832,0.255
34,FEMALE,347000,164,2.601634295,0.451,26.41144006,0.727,3.2,0.008,2.044141232,0.255,0.198365705,0.451,1.388559937,0.275,0.155858768,0.255
35,FEMALE,356900,209,2.973296337,0.451,29.64141232,0.727,3.8,0.008,2.601634295,0.255,0.226703663,0.451,1.558587684,0.275,0.198365705,0.255
36,FEMALE,375300,248,3.344958379,0.451,32.87138457,0.727,4.4,0.008,3.159127358,0.255,0.255041621,0.451,1.728615432,0.275,0.240872642,0.255
37,FEMALE,397300,295,3.716620421,0.451,36.10135682,0.727,5,0.008,3.716620421,0.255,0.283379579,0.451,1.898643179,0.275,0.283379579,0.255
38,FEMALE,406800,312,4.645775526,0.451,43.16980271,0.727,6.8,0.008,3.716620421,0.255,0.354224474,0.451,2.230197286,0.275,0.283379579,0.255
39,FEMALE,401000,299,5.574930632,0.451,50.23824861,0.727,8.6,0.008,3.716620421,0.255,0.425069368,0.451,2.561751394,0.275,0.283379579,0.255
40,FEMALE,412600,361,6.504085737,0.451,57.3066945,0.727,10.4,0.008,3.716620421,0.255,0.495914263,0.451,2.893305501,0.275,0.283379579,0.255
41,FEMALE,412200,428,7.433240842,0.451,64.37514039,0.727,12.2,0.008,3.716620421,0.255,0.566759158,0.451,3.224859608,0.275,0.283379579,0.255
42,FEMALE,421500,434,8.362395947,0.451,71.44358628,0.727,14,0.008,3.716620421,0.255,0.637604053,0.451,3.556413716,0.275,0.283379579,0.255
43,FEMALE,422200,491,9.849044116,0.451,78.43268589,0.727,19,0.008,5.389099611,0.255,0.750955884,0.451,3.967314105,0.275,0.410900389,0.255
44,FEMALE,423500,545,11.33569228,0.451,85.42178551,0.727,24,0.008,7.0615788,0.255,0.864307716,0.451,4.378214495,0.275,0.5384212,0.255
45,FEMALE,418600,566,12.82234045,0.285,92.41088512,0.333,29,0.01,8.734057989,0.191,0.977659547,0.285,4.789114884,0.195,0.665942011,0.191
46,FEMALE,412800,615,14.30898862,0.285,99.39998473,0.333,34,0.01,10.40653718,0.191,1.091011379,0.285,5.200015274,0.195,0.793462821,0.191
47,FEMALE,401000,681,15.79563679,0.285,106.3890843,0.333,39,0.01,12.07901637,0.191,1.204363211,0.285,5.610915663,0.195,0.920983632,0.191
48,FEMALE,389700,719,17.09645394,0.285,116.6348599,0.333,48.6,0.01,13.93732658,0.191,1.303546063,0.285,5.965140137,0.195,1.062673421,0.191
49,FEMALE,373300,770,18.39727108,0.285,126.8806354,0.333,58.2,0.01,15.79563679,0.191,1.402728916,0.285,6.319364611,0.195,1.204363211,0.191
50,FEMALE,364500,797,19.69808823,0.285,137.1264109,0.333,67.8,0.01,17.653947,0.191,1.501911768,0.285,6.673589084,0.195,1.346053,0.191
51,FEMALE,358700,902,20.99890538,0.285,147.3721864,0.333,77.4,0.01,19.51225721,0.191,1.601094621,0.285,7.027813558,0.195,1.48774279,0.191
52,FEMALE,345400,998,22.29972253,0.285,157.617962,0.333,87,0.01,21.37056742,0.191,1.700277474,0.285,7.382038032,0.195,1.629432579,0.191
53,FEMALE,333300,1008,24.34386376,0.285,172.8993773,0.333,103.2,0.01,23.78637069,0.191,1.856136242,0.285,7.900622661,0.195,1.813629305,0.191
54,FEMALE,324600,1102,26.38800499,0.285,188.1807927,0.333,119.4,0.01,26.20217397,0.191,2.011995011,0.285,8.419207291,0.195,1.997826032,0.191
55,FEMALE,326700,1106,28.43214622,0.285,203.4622081,0.333,135.6,0.01,28.61797724,0.191,2.167853779,0.285,8.93779192,0.195,2.182022758,0.191
56,FEMALE,320300,1242,30.47628745,0.285,218.7436235,0.333,151.8,0.01,31.03378052,0.191,2.323712547,0.285,9.45637655,0.195,2.366219484,0.191
57,FEMALE,318700,1373,32.52042868,0.285,234.0250388,0.333,168,0.01,33.44958379,0.191,2.479571316,0.285,9.974961179,0.195,2.550416211,0.191
58,FEMALE,319800,1478,38.8386834,0.285,274.9769692,0.333,189.4,0.01,37.16620421,0.191,2.9613166,0.285,11.42303083,0.195,2.83379579,0.191
59,FEMALE,329400,1545,45.15693812,0.285,315.9288995,0.333,210.8,0.01,40.88282463,0.191,3.443061884,0.285,12.87110048,0.195,3.117175368,0.191
60,FEMALE,337900,1761,51.47519283,0.122,356.8808299,0.149,232.2,0.014,44.59944505,0.127,3.924807168,0.122,14.31917012,0.115,3.400554947,0.127
61,FEMALE,363200,1989,57.79344755,0.122,397.8327602,0.149,253.6,0.014,48.31606547,0.127,4.406552453,0.122,15.76723977,0.115,3.683934526,0.127
62,FEMALE,379200,2219,64.11170226,0.122,438.7846906,0.149,275,0.014,52.03268589,0.127,4.888297737,0.122,17.21530942,0.115,3.967314105,0.127
63,FEMALE,308800,2539,71.17328106,0.122,477.141089,0.149,286,0.014,60.0234198,0.127,5.426718937,0.122,18.85891098,0.115,4.5765802,0.127
64,FEMALE,300300,2278,78.23485986,0.122,515.4974875,0.149,297,0.014,68.01415371,0.127,5.965140137,0.122,20.50251254,0.115,5.185846295,0.127
65,FEMALE,291400,2434,85.29643866,0.122,553.8538859,0.149,308,0.014,76.00488761,0.127,6.503561337,0.122,22.1461141,0.115,5.79511239,0.127
66,FEMALE,279400,2637,92.35801746,0.122,592.2102843,0.149,319,0.014,83.99562152,0.127,7.041982537,0.122,23.78971565,0.115,6.404378484,0.127
67,FEMALE,251000,2649,99.41959626,0.122,630.5666828,0.149,330,0.014,91.98635542,0.127,7.580403737,0.122,25.43331721,0.115,7.013644579,0.127
68,FEMALE,234300,2726,111.8702747,0.122,718.0924492,0.149,346.6,0.014,109.8261334,0.127,8.529725326,0.122,28.90755085,0.115,8.373866558,0.127
69,FEMALE,242900,2901,124.3209531,0.122,805.6182155,0.149,363.2,0.014,127.6659115,0.127,9.479046916,0.122,32.38178449,0.115,9.734088537,0.127
70,FEMALE,241300,3321,136.7716315,0.085,893.1439819,0.089,379.8,0.019,145.5056895,0.084,10.42836851,0.085,35.85601812,0.08,11.09431052,0.084
71,FEMALE,236700,3557,149.2223099,0.085,980.6697482,0.089,396.4,0.019,163.3454675,0.084,11.37769009,0.085,39.33025176,0.08,12.45453249,0.084
72,FEMALE,229700,3841,161.6729883,0.085,1068.195515,0.089,413,0.019,181.1852455,0.084,12.32701168,0.085,42.8044854,0.08,13.81475447,0.084
73,FEMALE,221700,4178,185.459359,0.085,1221.500889,0.089,417.8,0.019,215.1923224,0.084,14.14064099,0.085,49.69911056,0.08,16.40767762,0.084
74,FEMALE,212600,4455,209.2457297,0.085,1374.806264,0.089,422.6,0.019,249.1993992,0.084,15.9542703,0.085,56.59373571,0.08,19.00060077,0.084
75,FEMALE,202800,4766,233.0321004,0.085,1528.111639,0.089,427.4,0.019,283.2064761,0.084,17.7678996,0.085,63.48836087,0.08,21.59352392,0.084
76,FEMALE,199200,5160,256.8184711,0.085,1681.417014,0.089,432.2,0.019,317.2135529,0.084,19.58152891,0.085,70.38298602,0.08,24.18644706,0.084
77,FEMALE,196600,5679,280.6048418,0.085,1834.722389,0.089,437,0.019,351.2206298,0.084,21.39515821,0.085,77.27761118,0.08,26.77937021,0.084
78,FEMALE,194200,6362,304.9487055,0.085,2067.728895,0.089,437.4,0.019,407.5274292,0.084,23.25129445,0.085,88.47110455,0.08,31.07257083,0.084
79,FEMALE,186200,7048,329.2925693,0.085,2300.735402,0.089,437.8,0.019,463.8342285,0.084,25.1074307,0.085,99.66459792,0.08,35.36577145,0.084
80,FEMALE,174800,7557,353.6364331,0.092,2533.741909,0.083,438.2,0.039,520.1410279,0.046,26.96356694,0.092,110.8580913,0.076,39.65897207,0.046
81,FEMALE,162500,8011,377.9802968,0.092,2766.748415,0.083,438.6,0.039,576.4478273,0.046,28.81970318,0.092,122.0515847,0.076,43.9521727,0.046
82,FEMALE,156600,8541,402.3241606,0.092,2999.754922,0.083,439,0.039,632.7546267,0.046,30.67583942,0.092,133.245078,0.076,48.24537332,0.046
83,FEMALE,148300,9139,422.5797419,0.092,3232.937994,0.083,412.4,0.039,687.5747779,0.046,32.22025813,0.092,145.0620065,0.076,52.42522211,0.046
84,FEMALE,137700,9760,442.8353232,0.092,3466.121065,0.083,385.8,0.039,742.3949291,0.046,33.76467683,0.092,156.8789349,0.076,56.6050709,0.046
85,FEMALE,127700,10207,463.0909045,0.092,3699.304137,0.083,359.2,0.039,797.2150803,0.046,35.30909554,0.092,168.6958634,0.076,60.78491969,0.046
86,FEMALE,117900,10510,483.3464858,0.092,3932.487208,0.083,332.6,0.039,852.0352315,0.046,36.85351424,0.092,180.5127918,0.076,64.96476847,0.046
87,FEMALE,111900,10826,503.6020671,0.092,4165.67028,0.083,306,0.039,906.8553827,0.046,38.39793295,0.092,192.3297202,0.076,69.14461726,0.046
88,FEMALE,105800,11433,463.2767355,0.092,3963.74039,0.083,264.4,0.039,854.0793728,0.046,35.32326452,0.092,182.4596095,0.076,65.12062724,0.046
89,FEMALE,87000,11886,422.9514039,0.092,3761.810501,0.083,222.8,0.039,801.3033628,0.046,32.24859608,0.092,172.5894988,0.076,61.09663722,0.046
90,FEMALE,61600,11518,382.6260723,0.092,3559.880612,0.083,181.2,0.039,748.5273528,0.046,29.17392765,0.092,162.719388,0.076,57.0726472,0.046
91,FEMALE,46200,7629,342.3007408,0.092,3357.950723,0.083,139.6,0.039,695.7513428,0.046,26.09925922,0.092,152.8492773,0.076,53.04865718,0.046
92,FEMALE,40500,6780,301.9754092,0.092,3156.020833,0.083,98,0.039,642.9753328,0.046,23.02459079,0.092,142.9791666,0.076,49.02466716,0.046
93,FEMALE,35300,6800,270.1363609,0.092,2861.806305,0.083,86.4,0.039,579.0494616,0.046,20.5969724,0.092,129.1936946,0.076,44.1505384,0.046
94,FEMALE,29200,6429,238.2973127,0.092,2567.591777,0.083,74.8,0.039,515.1235904,0.046,18.169354,0.092,115.4082227,0.076,39.27640964,0.046
95,FEMALE,22800,5647,206.4582644,0.092,2273.377249,0.083,63.2,0.039,451.1977191,0.046,15.74173561,0.092,101.6227508,0.076,34.40228088,0.046
96,FEMALE,16900,4809,174.6192161,0.092,1979.162721,0.083,51.6,0.039,387.2718479,0.046,13.31411722,0.092,87.83727889,0.076,29.52815213,0.046
97,FEMALE,12100,3845,142.7801678,0.092,1684.948193,0.083,40,0.039,323.3459766,0.046,10.88649882,0.092,74.05180697,0.076,24.65402337,0.046
98,FEMALE,8400,2797,110.9411196,0.092,1390.733665,0.083,28.4,0.039,259.4201054,0.046,8.458880432,0.092,60.26633506,0.076,19.77989461,0.046
99,FEMALE,5700,2032,79.10207129,0.092,1096.519137,0.083,16.8,0.039,195.4942341,0.046,6.031262039,0.092,46.48086314,0.076,14.90576585,0.046
100,FEMALE,3700,1492,57.43867923,0.092,863.1017026,0.083,10,0.039,148.6648168,0.046,4.379502584,0.092,35.98920653,0.076,11.33518316,0.046
101,FEMALE,2300,1043,45.95094339,0.092,690.4813621,0.083,8,0.039,118.9318535,0.046,3.503602067,0.092,28.79136522,0.076,9.068146526,0.046
102,FEMALE,1400,680,34.46320754,0.092,517.8610215,0.083,6,0.039,89.19889011,0.046,2.62770155,0.092,21.59352392,0.076,6.801109895,0.046
103,FEMALE,800,434,22.97547169,0.092,345.240681,0.083,4,0.039,59.46592674,0.046,1.751801034,0.092,14.39568261,0.076,4.534073263,0.046
104,FEMALE,400,231,11.48773585,0.092,172.6203405,0.083,2,0.039,29.73296337,0.046,0.875900517,0.092,7.197841305,0.076,2.267036632,0.046
105,FEMALE,400,250,0,0.092,0,0.083,0,0.039,0,0.046,0,0.092,0,0.076,0,0.046
