Pollutant,Dwelling Type,Ventilation Type,"B4 (45, 45, 10)",b3,b2,b1,b0,"B4 (55, 45, 0)",b3,b2,b1,b0,"B4 (21, 33, 8)",b3,b2,b1,b0,"B4 (29, 33, 0)",b3,b2,b1,b0
INPM2_5,Flat1,TE,-1.99716623344085E-007,3.48622602483974E-006,0.0010062966,-0.0830492865,5.9986728256,-4.12421817659855E-008,-3.69381286127337E-006,0.0006325913,-0.0401681892,2.1666378849,-0.000000176,5.17531142475307E-006,0.0006536223,-0.0601974169,4.5943550323,-4.4432104377518E-008,-7.84120850737709E-007,0.0003434469,-0.0246061062,1.4137660315
INPM2_5,Flat1,E,1.77252279839978E-006,-0.0001446481,0.0051100398,-0.1510811064,7.0830127758,1.47294262339882E-006,-0.0001321317,0.004978908,-0.1202489237,2.9243616134,1.14928085293114E-006,-9.05564901139601E-005,0.0031384475,-0.1004482162,5.3478385827,9.00629307680401E-007,-8.01678758266767E-005,0.0030296082,-0.0748575046,1.8961581179
INPM2_5,Flat1,T,3.11791525116348E-006,-0.0003117736,0.0149665627,-0.554792077,24.0086810073,1.92028694283909E-006,-0.0001913519,0.0090666277,-0.3244137654,12.1065177088,2.19873088645612E-006,-0.0002198309,0.0105841224,-0.3969215104,17.6926284322,1.20469939054598E-006,-0.0001198809,0.0056871763,-0.2057075117,7.8138328944
INPM2_5,Flat1,NOTE,5.76124239014007E-006,-0.0006048688,0.0291200578,-0.9595391748,31.1088860269,4.19328624132616E-006,-0.0004457308,0.0207428389,-0.6150658367,16.0993588949,3.81230653663897E-006,-0.0004022526,0.0197348536,-0.6733994075,22.825101608,2.51090293312411E-006,-0.000270168,0.0127817619,-0.3874865369,10.3671940884
INPM2_5,Flat2,TE,8.8211694955751E-008,-7.30388263161629E-006,0.0003871131,-0.0249584987,6.6509320708,1.4512121542657E-007,-1.36216476520978E-005,0.0006191018,-0.0261579508,2.0290011093,1.31875408651179E-008,-2.95568756343759E-007,6.53893980655226E-005,-0.0116804594,5.0078422364,6.04224428559126E-008,-5.53931372334387E-006,0.00025794,-0.0126760047,1.1716395383
INPM2_5,Flat2,E,-1.17110709955416E-007,7.2993407286638E-006,7.65538988324459E-005,-0.0266489799,6.8777753736,1.19247151149345E-007,-0.000017166,0.0009817895,-0.0385140344,2.2932095821,-1.45521326862696E-007,1.35094257539656E-005,-0.0003709272,-0.0070440971,5.0899362944,5.06556978542509E-008,-6.79681973428835E-006,0.0003804183,-0.0168920923,1.2847466875
INPM2_5,Flat2,T,1.76636196108989E-007,-1.77415877740901E-005,0.0010137248,-0.0563087359,9.5715382697,1.61278251362925E-007,-1.72848898950675E-005,0.001033964,-0.0556847631,3.9939202437,8.55761374226089E-008,-8.44676733416923E-006,0.0005063381,-0.0312380848,6.9661100063,7.2829043283293E-008,-8.06770809457714E-006,0.0005231367,-0.0307201874,2.3366870448
INPM2_5,Flat2,NOTE,-1.17110709955416E-007,7.2993407286638E-006,7.65538988324459E-005,-0.0266489799,6.8777753736,1.19247151149345E-007,-0.000017166,0.0009817895,-0.0385140344,2.2932095821,-1.45521326862696E-007,1.35094257539656E-005,-0.0003709272,-0.0070440971,5.0899362944,5.06556978542509E-008,-6.79681973428835E-006,0.0003804183,-0.0168920923,1.2847466875
INPM2_5,Flat3,TE,6.0831171403393E-007,-4.54979365747092E-005,0.0013122987,-0.079341553,8.9206613194,3.83226549697341E-007,-2.48228457690828E-005,0.0006547001,-0.0635480641,5.4043068165,3.60284814620005E-007,-2.77736996536097E-005,0.0008354482,-0.0492655949,5.9753418078,1.73464128220894E-007,-1.06133742849546E-005,0.0002896413,-0.0361569992,3.0567675705
INPM2_5,Flat3,E,5.78520869082871E-007,-5.25682892433587E-005,0.0024238357,-0.1143604233,9.692248384,5.67603192509108E-007,-5.21853582393567E-005,0.0024176779,-0.1150048029,6.5859195809,3.47755247393428E-007,-3.14146398694706E-005,0.0014408089,-0.067141827,6.3403007434,3.38693575837287E-007,-3.10968071361518E-005,0.0014356979,-0.0676766621,3.7620478368
INPM2_5,Flat3,T,5.04663415197953E-006,-0.0003365993,0.0088973067,-0.4539024489,38.9118983362,3.5246256417738E-006,-0.0001972516,0.004319133,-0.3447864978,27.9145518464,3.10088898654806E-006,-0.0002150149,0.0060309884,-0.2927042838,25.1925321675,1.83762192307648E-006,-9.93563070726426E-005,0.0022311042,-0.2021380444,16.064734581
INPM2_5,Flat3,NOTE,2.1220983175522E-007,-6.47281610476564E-005,0.0054123234,-0.4028867412,38.6590626932,-2.37331527492013E-007,-2.68603319232966E-005,0.0035578106,-0.3335636685,28.2563573347,-2.42567353008298E-007,-1.06937704311458E-005,0.0026891565,-0.2467637978,24.9680826184,-6.15686681183784E-007,2.07365277420873E-005,0.0011499109,-0.1892256475,16.3338371708
INPM2_5,House1,TE,2.32731612227555E-006,-0.0002052308,0.007222072,-0.1452897239,3.8009867803,2.10110363836441E-006,-0.0001823957,0.0062529792,-0.1179510676,2.0704055757,1.80566232500684E-006,-0.0001590503,0.0055546211,-0.1090613556,2.8295927692,1.61790596336066E-006,-0.0001400972,0.0047502742,-0.0863702709,1.3932103694
INPM2_5,House1,E,2.89579832553463E-006,-0.0002698053,0.0100691276,-0.2073033568,4.5412876131,3.63656465777202E-006,-0.000318491,0.0108760648,-0.1943202802,2.7187774329,0.000002238,-0.000209029,0.0077789111,-0.1574658987,3.4085360274,2.85279427424377E-006,-0.0002494381,0.008448669,-0.1466899452,1.8958525777
INPM2_5,House1,T,6.28374589758454E-006,-0.0005726381,0.0210662584,-0.432906192,8.7522459019,5.70311070047504E-006,-0.000514921,0.0186915808,-0.3704675386,5.8629756224,4.43873015129303E-006,-0.0004063482,0.0150082202,-0.3103947825,6.4616324272,3.95680293769236E-006,-0.000358443,0.0130372377,-0.2585707003,4.0635380952
INPM2_5,House1,NOTE,5.78016855526775E-006,-0.0005243546,0.0190532275,-0.3767434678,7.1330275382,6.53093468428253E-006,-0.000564968,0.0192662738,-0.3462885616,4.8371027679,4.25607572576867E-006,-0.0003872751,0.0140587744,-0.2765907089,5.272412268,4.87921161285102E-006,-0.0004209842,0.0142356029,-0.2513131367,3.3667947087
INPM2_5,House2,TE,2.86285239901707E-006,-0.0002565566,0.0091037263,-0.1779158307,4.7641204904,2.24174583482585E-006,-0.0002026966,0.0072768196,-0.1422324,2.7552157589,2.10989810678316E-006,-0.0001881825,0.0066321818,-0.12883243,3.5708496014,1.59437965850459E-006,-0.0001434787,0.0051158492,-0.0992151825,1.9034586743
INPM2_5,House2,E,0.000003951,-0.0003625592,0.0130441588,-0.2484608893,5.4980670375,2.4655708160271E-006,-0.0002372925,0.0090627823,-0.1833912252,3.2577300244,3.10859174476085E-006,-0.0002822817,0.010004341,-0.1868196544,4.151062447,1.87569328156604E-006,-0.0001783103,0.0066997984,-0.1328118331,2.2915827262
INPM2_5,House2,T,1.00656458386996E-005,-0.0008869638,0.0304898589,-0.5609622585,11.5100011274,9.03954528032954E-006,-0.0007965238,0.0273142603,-0.4918543733,8.0132783795,6.81643941761661E-006,-0.0006030291,0.0208831981,-0.3911286755,8.4289111323,5.96477595416937E-006,-0.0005279639,0.0182474513,-0.3337691308,5.5266312515
INPM2_5,House2,NOTE,1.35502193614251E-005,-0.0012073069,0.0418737071,-0.7609793009,13.599467288,0.000010144,-0.0009296795,0.0333384873,-0.6217717767,9.5811974106,9.67020989683725E-006,-0.0008608745,0.0298548137,-0.5452295856,10.0049110013,0.000006843,-0.0006304438,0.0227705813,-0.4296873405,6.669747003
INPM2_5,House3,TE,2.05977479421789E-006,-0.0001881659,0.0068874548,-0.1450623696,4.0179255661,1.78562775612123E-006,-0.0001628695,0.0058219364,-0.1084951015,1.7109790299,1.70320968328674E-006,-0.0001543638,0.0055630159,-0.1134626099,3.1079878911,1.4756676416666E-006,-0.0001333678,0.0046786356,-0.0831117774,1.193222266
INPM2_5,House3,E,3.78328051077789E-006,-0.0003359609,0.0118400519,-0.2292121407,4.7940069517,2.51471099850094E-006,-0.0002334787,0.0086409616,-0.1666153593,2.2809561037,3.23220741185881E-006,-0.0002844621,0.0098251533,-0.1823735828,3.6960631544,2.17929471666884E-006,-0.0001994018,0.0071699084,-0.1304182542,1.6102309505
INPM2_5,House3,T,7.94052331294481E-006,-0.0007283766,0.0273946177,-0.6076318117,13.154520563,7.13338223398614E-006,-0.0006518053,0.0240791319,-0.4982114231,8.2673397861,5.59630324121574E-006,-0.0005141293,0.0194018073,-0.4357151586,9.8129957076,4.92637614567968E-006,-0.0004505751,0.0166499541,-0.3448962361,5.7566356627
INPM2_5,House3,NOTE,1.74797688936671E-005,-0.0015153973,0.0518632018,-0.9784346165,16.2566300076,1.3464122148366E-005,-0.0011853134,0.0412536501,-0.7714700005,10.5696461258,1.27972477477947E-005,-0.0011068577,0.0377454604,-0.7111572787,12.0862773803,9.46426094919438E-006,-0.000832888,0.0289395325,-0.5393766475,7.3660807584
INPM2_5,House4,TE,-1.1706220362441E-006,0.000078374,-0.0011149815,-0.0402421641,3.8977529235,-1.90951483560204E-006,0.0001388616,-0.0029915241,-0.0070878407,1.6464146633,-2.50742760371567E-007,1.23312020154198E-005,0.0002540331,-0.0333096539,2.6970382159,-0.000000864,6.25359155829539E-005,-0.0013034972,-0.0057915655,0.8284274599
INPM2_5,House4,E,-0.000005326,0.0004061262,-0.0104093704,0.0678413143,3.7389240842,-6.76847910891462E-006,0.0005334026,-0.0146537838,0.1385800893,1.1991810692,-2.21167463599345E-006,0.0001638921,-0.0039222507,0.0124912266,2.7104031802,-0.000003409,0.0002695316,-0.0074451137,0.0712044098,0.6024164778
INPM2_5,House4,T,-3.68340118500383E-006,0.0002231928,-0.0014015414,-0.2028561226,11.5272719375,-0.000006699,0.0004708232,-0.0091377986,-0.0667562056,6.3423617976,-1.42543627662706E-006,7.38403127138555E-005,0.0007908227,-0.142619621,7.7787696055,-3.9283739495789E-006,0.0002793736,-0.0056302708,-0.0296566899,3.4752941894
INPM2_5,House4,NOTE,-5.27858859181222E-006,0.0004151248,-0.0097556649,-0.0534116751,11.071359981,-1.01845348727341E-005,0.0008452292,-0.0240994567,0.1914074602,5.0556149765,-1.73614254007379E-006,0.0001292394,-0.0021528015,-0.0853304613,7.7252043928,-5.808077953239E-006,0.0004862261,-0.0140581487,0.1178694211,2.7321360391
INPM2_5,House5,TE,1.92150172255938E-006,-0.0001785316,0.0068034966,-0.1530706837,4.0697373795,1.89680901021737E-006,-0.0001762257,0.0067055855,-0.1476537854,2.595498323,0.000001211,-0.0001124049,0.0042736874,-0.0957773693,2.772946324,1.19045759326793E-006,-0.000110491,0.0041924212,-0.0912813437,1.5493279071
INPM2_5,House5,E,3.37974008399081E-006,-0.0003058477,0.0111427581,-0.2288344679,4.8320775032,3.35931926636226E-006,-0.0003036953,0.0110483505,-0.2236941028,3.3488514148,2.08386445772205E-006,-0.0001888705,0.0068857778,-0.1413012358,3.2277297207,2.06691517909019E-006,-0.000187084,0.0068074195,-0.1370347328,1.9966520674
INPM2_5,House5,T,8.46792017027608E-006,-0.0007822998,0.0297308519,-0.6683827373,13.8589404015,8.2592993073555E-006,-0.0007620851,0.0288281022,-0.6309657341,10.5049525239,5.3141162550347E-006,-0.0004902109,0.0185782947,-0.4165792966,8.9976457498,0.000005141,-0.0004734327,0.0178290124,-0.3855231839,6.2138358114
INPM2_5,House5,NOTE,2.16788880901517E-005,-0.0019627194,0.0713368962,-1.4373137616,22.4890427398,2.03494184783425E-005,-0.001855229,0.0679225593,-1.3640064304,18.7929879677,0.000013832,-0.0012489118,0.0452177202,-0.9063608972,14.4165403448,1.27285300923273E-005,-0.0011596948,0.0423838206,-0.8455158122,11.348814884
INPM2_5,House6,TE,3.34713974992627E-007,-6.5262671333078E-005,0.0041368083,-0.134802674,4.463986072,6.62208543533296E-007,-8.41814972646486E-005,0.0042551434,-0.1163066654,2.1409328616,1.84400158858134E-007,-3.97326115627452E-005,0.0025772997,-0.0835234676,3.0181628656,4.56220650746694E-007,-5.54352370859358E-005,0.0026755179,-0.0681717805,1.090028701
INPM2_5,House6,E,-2.26612979845022E-006,0.0001489045,-0.0021752865,-0.0658703211,4.6547693866,-3.94692146006761E-006,0.0002852654,-0.0062561797,-0.000861512,2.0552613541,-3.64920652180093E-007,1.02156205999238E-005,0.0009324321,-0.0657294185,3.2223968496,-0.00000176,0.0001233952,-0.0024547093,-0.0117721069,1.0648051827
INPM2_5,House6,T,8.30934642396054E-007,-0.0001863565,0.0128183572,-0.4467229875,12.4543921792,1.24362248760958E-006,-0.0001993248,0.0118941531,-0.3703848049,7.3467473185,8.13835487427406E-009,-7.49457130629909E-005,0.0067482127,-0.2621715927,8.1919840596,3.50669266401493E-007,-8.57094437438156E-005,0.0059811232,-0.1988109011,3.9526388252
INPM2_5,House6,NOTE,-1.36245435569342E-006,-0.000009073,0.0080697529,-0.4189201569,13.2571351991,-5.3401562090581E-006,0.0003204542,-0.0024910742,-0.2183357872,7.1695933138,-1.93811783445296E-008,-0.000066891,0.0065374466,-0.2754859102,8.8454375688,-3.32087371663726E-006,0.0002066165,-0.00222804,-0.1090008834,3.792777804
INPM2_5,House7,TE,4.11054339789046E-006,-0.0003703606,0.0132869148,-0.2683089099,5.4137487474,3.96188787306363E-006,-0.0003539391,0.0124355533,-0.2342526218,3.4006196841,2.76405736937854E-006,-0.0002507058,0.0090832724,-0.1869579284,3.9916686268,2.64067328377231E-006,-0.0002370759,0.0083766423,-0.1586912093,2.3207715043
INPM2_5,House7,E,0.000010771,-0.0009221377,0.0303982193,-0.5181330033,7.1857467603,1.04006757316177E-005,-0.0008871129,0.0289003431,-0.4704396496,4.9596571213,7.21809591971301E-006,-0.0006207151,0.0206217005,-0.3573313573,5.2298457145,6.91071814132491E-006,-0.0005916445,0.0193784632,-0.3177458738,3.3821913141
INPM2_5,House7,T,1.35353935073264E-005,-0.0011953631,0.0419972182,-0.8187884294,13.4645241624,1.26933878913458E-005,-0.0011125238,0.0384843832,-0.7192636309,9.8292317992,8.89777547174436E-006,-0.0007921766,0.0282222713,-0.5648627549,9.7724185304,8.19891081048037E-006,-0.00072342,0.0253066183,-0.4822571722,6.7551258689
INPM2_5,House7,NOTE,3.45836115020328E-005,-0.0029530431,0.0967849273,-1.6130057309,18.7779301968,3.26667818943933E-005,-0.0027664753,0.0894021915,-1.4428669476,14.486259504,2.2966445549028E-005,-0.0019737203,0.0653744072,-1.1108891259,13.4988781427,2.13754769746874E-005,-0.001818869,0.0592467365,-0.9696739357,9.9367914677
ETS,Flat1,TE,3.99058569557071E-006,-0.0004057837,0.0183757247,-0.5335897552,12.8914223132,4.03609283130214E-006,-0.000411571,0.01870552,-0.5463147768,13.5238912944,2.33924253066204E-006,-0.0002378967,0.0107796157,-0.3122781238,7.311136163,0.000002377,-0.0002427002,0.0110533458,-0.3228398918,7.8360854174
ETS,Flat1,E,1.68665490664392E-005,-0.0015418574,0.0581357138,-1.2740039592,20.7987859045,1.68695099282176E-005,-0.0015445231,0.0584529087,-1.2917785127,21.5956750026,1.0673770166313E-005,-0.0009659251,0.0358338089,-0.7660729077,11.98386121,1.06762276815891E-005,-0.0009681376,0.0360970807,-0.7808257872,12.6452791615
ETS,Flat1,T,0.000025692,-0.0022310792,0.0761416508,-1.3939072631,18.9386662165,2.59972313268917E-005,-0.0022567403,0.0769774508,-1.409627789,19.4137331823,1.56396266149987E-005,-0.0013576382,0.0462660948,-0.8419895895,11.0731141738,1.58929311637184E-005,-0.0013789369,0.0469598088,-0.855037626,11.4674197554
ETS,Flat1,NOTE,0.0003384913,-0.0268832525,0.7789856169,-10.1901338641,64.1656552879,0.0003406338,-0.0270523534,0.7838809403,-10.2574445903,64.9542106539,0.0002109195,-0.0167421901,0.4845310828,-6.3151369954,39.002526044,0.0002126978,-0.0168825438,0.4885942013,-6.3710048982,39.6570269979
ETS,Flat2,TE,1.98259835758067E-006,-0.0001970577,0.0094331645,-0.3323518444,10.5272740263,1.96672910685614E-006,-0.0001945878,0.0093320901,-0.3327226813,10.5596902316,1.18427040640658E-006,-0.0001192448,0.0057323245,-0.1982225524,6.073882178,1.17109892830527E-006,-0.0001171948,0.0056484327,-0.198530347,6.1007876284
ETS,Flat2,E,4.75421684425282E-006,-0.0004830494,0.0215963326,-0.622285861,14.7339355316,5.04825292018963E-006,-0.0005032328,0.0220772949,-0.6292417422,14.8190454039,3.17414450436421E-006,-0.0003151929,0.0136609368,-0.3776654048,8.5447461235,3.41819444739198E-006,-0.0003319452,0.0140601356,-0.3834387862,8.6153873175
ETS,Flat2,T,4.73147281697784E-006,-0.0004519379,0.0190782789,-0.5306835261,13.1318200669,4.75921873724552E-006,-0.0004535772,0.0191063178,-0.5323157823,12.9013916216,2.87805073223024E-006,-0.0002761931,0.011676137,-0.3207765143,7.7403909583,2.90107984605246E-006,-0.0002775536,0.0116994093,-0.322131287,7.5491353487
ETS,Flat2,NOTE,4.75421684425282E-006,-0.0004830494,0.0215963326,-0.622285861,14.7339355316,5.04825292018963E-006,-0.0005032328,0.0220772949,-0.6292417422,14.8190454039,3.17414450436421E-006,-0.0003151929,0.0136609368,-0.3776654048,8.5447461235,3.41819444739198E-006,-0.0003319452,0.0140601356,-0.3834387862,8.6153873175
ETS,Flat3,TE,-5.95215644228108E-006,0.0003474584,-0.0004089616,-0.4661651836,20.3996210782,-5.94114434209517E-006,0.0003456205,-0.0003127835,-0.469993204,20.9525900286,-3.36681908108555E-006,0.0001894682,0.000520323,-0.2971128668,12.1213055134,-3.35767903793174E-006,0.0001879427,0.0006001508,-0.3002901237,12.5802697423
ETS,Flat3,E,4.17683921351456E-006,-0.0004460162,0.0219152359,-0.742087828,22.9407426379,4.18967031239046E-006,-0.0004488529,0.0221402332,-0.7514635272,23.59029701,2.54606162476304E-006,-0.0002735286,0.0135135065,-0.4575201982,13.6470304762,2.55671143682988E-006,-0.0002758831,0.0137002542,-0.4653020285,14.186160605
ETS,Flat3,T,1.70373908480816E-005,-0.0018766534,0.0855809499,-2.1939287577,39.8187171912,1.70401026434831E-005,-0.0018788119,0.0857267003,-2.2001904915,40.3889411343,1.1081145232206E-005,-0.0012057373,0.0543804546,-1.3778670606,24.2461194547,1.10833960223895E-005,-0.001207529,0.0545014275,-1.3830642996,24.7194053275
ETS,Flat3,NOTE,0.000040952,-0.0037060727,0.1358836509,-2.8268131297,45.3991985493,4.10838838763201E-005,-0.0037182759,0.1363590008,-2.837757189,45.979159957,2.55580598578292E-005,-0.0023155295,0.0849972704,-1.7676912049,27.7741429106,2.56675517307649E-005,-0.0023256581,0.0853918108,-1.7767747741,28.255510879
ETS,House1,TE,1.05455119288415E-005,-0.0009120229,0.0304876077,-0.5180972837,6.4914657824,1.08196824435267E-005,-0.0009389976,0.0315806366,-0.5424240802,7.0307394132,6.13743527662147E-006,-0.0005303836,0.0176983281,-0.2996361984,3.6317082162,0.000006365,-0.0005527726,0.0186055421,-0.3198274396,4.0793053297
ETS,House1,E,0.000046524,-0.0038360345,0.1177901425,-1.6929779493,13.4816107627,4.7897590854346E-005,-0.0039553809,0.1218074597,-1.7614664289,14.3885040055,2.60543822802905E-005,-0.0021542338,0.0664046302,-0.9593086452,7.5643557381,2.71944492519822E-005,-0.0022532914,0.0697390035,-1.0161540833,8.3170771296
ETS,House1,T,1.35261817126258E-005,-0.0011464122,0.0371121601,-0.6036663485,7.2307686479,1.39334228963923E-005,-0.0011821216,0.0383496878,-0.6274040617,7.7362809937,7.87375086794715E-006,-0.0006681974,0.0216688058,-0.3527283974,4.097131119,8.21176105047343E-006,-0.0006978361,0.0226959537,-0.3724306994,4.516706366
ETS,House1,NOTE,7.71056816414127E-005,-0.0061700931,0.1811103925,-2.4242908893,16.8238283792,7.88905550766249E-005,-0.0063210322,0.18605382,-2.5065481202,17.8019774996,4.51864821637818E-005,-0.0036138227,0.1059348459,-1.413354144,9.6178912378,4.66679271150079E-005,-0.0037391021,0.1100378907,-1.4816276456,10.4297550077
ETS,House2,TE,1.6948794112831E-005,-0.001412551,0.0444102272,-0.6803031014,7.5487676542,1.73581400976553E-005,-0.0014471043,0.0455430992,-0.7000860868,8.0114858053,9.88836534372928E-006,-0.0008256419,0.026023761,-0.3999772652,4.3185034031,1.02281225111335E-005,-0.0008543212,0.0269640448,-0.4163971431,4.7025594685
ETS,House2,E,3.75260566881411E-005,-0.0030968944,0.0953997388,-1.3882921121,12.0898324357,3.84440686665063E-005,-0.0031749704,0.0979216233,-1.4288391633,12.7208481932,2.06098946284634E-005,-0.0017086791,0.0530259971,-0.7813478913,6.8284032753,2.13718445705064E-005,-0.0017734822,0.0551191612,-0.8150019437,7.352146354
ETS,House2,T,2.04763835561147E-005,-0.0017126711,0.0540400769,-0.8285143622,8.8152485615,2.01727017536842E-005,-0.0016957241,0.05388968,-0.835488902,9.1929008319,1.27298391936482E-005,-0.0010596075,0.0331969427,-0.503491459,5.1432037154,1.2477783297631E-005,-0.0010455415,0.0330721133,-0.509280327,5.4566550999
ETS,House2,NOTE,8.43120818272812E-005,-0.0067006568,0.1943533405,-2.5483166355,17.5519102259,0.000085118,-0.0067736532,0.1968765875,-2.5909810624,18.1546217175,5.03576157828182E-005,-0.003997093,0.1157300192,-1.5135600517,10.2578023013,5.10264883441221E-005,-0.00405768,0.1178243142,-1.548971526,10.7580528393
ETS,House3,TE,1.92838703964899E-005,-0.0016243463,0.0521688255,-0.8325069239,8.5009314038,2.00570697702701E-005,-0.0016890465,0.0542943923,-0.8704086757,9.0886701089,1.12067414493813E-005,-0.0009476681,0.0305807795,-0.4899467585,4.8999915765,1.18484969296189E-005,-0.0010013693,0.0323449999,-0.5214052125,5.3878147017
ETS,House3,E,6.29131836019566E-005,-0.0051401209,0.1551549712,-2.1593238892,15.4183611305,6.53198624553384E-005,-0.0053374803,0.1611299088,-2.2446156562,16.2322056781,3.50717690300223E-005,-0.0028830125,0.0878471709,-1.2400650358,8.9132306422,3.70693124783292E-005,-0.0030468208,0.0928063691,-1.3108572024,9.5887216167
ETS,House3,T,2.37303879129511E-005,-0.0019937513,0.0633563893,-0.9856326092,9.5963276061,2.46390608982559E-005,-0.0020709273,0.0658462172,-1.0262443952,10.116583809,1.39151920748646E-005,-0.0011707673,0.0373049355,-0.5826026742,5.5926866222,1.46693906526677E-005,-0.0012348233,0.0393714926,-0.6163104565,6.0244992706
ETS,House3,NOTE,0.0001087796,-0.0086449476,0.2503477055,-3.2529032397,20.2548012683,0.0001104556,-0.0087811083,0.254466567,-3.3122095906,20.837988016,6.45307940650064E-005,-0.005133401,0.1489040809,-1.9404581364,12.0295523203,6.59218672685531E-005,-0.0052464144,0.1523227359,-1.9896824076,12.5135973209
ETS,House4,TE,1.05723247568111E-005,-0.0008861536,0.0280775691,-0.4338406081,4.8193726696,1.09501993211303E-005,-0.0009174243,0.0290486413,-0.4484428646,5.0595134972,6.00434508718293E-006,-0.0005063529,0.0162061277,-0.254761041,2.8088795414,0.000006318,-0.0005323076,0.0170121176,-0.2668809139,3.0081964284
ETS,House4,E,5.28550840877084E-005,-0.0041996145,0.1214627819,-1.5729391284,10.3925662548,5.39966086513487E-005,-0.004294699,0.1244040783,-1.6149857723,10.8027331837,0.000029935,-0.0023835293,0.0692062467,-0.9037361558,6.0157751195,3.0882415567883E-005,-0.0024624494,0.0716475227,-0.9386348702,6.3562136705
ETS,House4,T,1.24581832697251E-005,-0.0010424537,0.0329500935,-0.5088370785,5.6007544378,1.26683105909023E-005,-0.001060812,0.0335555809,-0.5179821794,5.7249121338,7.29378432024963E-006,-0.0006121766,0.0194526794,-0.3035327359,3.3148461086,7.46818999682659E-006,-0.000627414,0.019955234,-0.3111231696,3.4178969963
ETS,House4,NOTE,6.1676493308468E-005,-0.0048867752,0.1409077257,-1.8216996256,12.0071935123,6.20125943918676E-005,-0.0049175389,0.1419894926,-1.839624951,12.2111186993,3.60785874906867E-005,-0.0028599551,0.0825746654,-1.0718428473,7.0760515272,3.63575513899083E-005,-0.0028854889,0.083472532,-1.0867208674,7.2453094324
ETS,House5,TE,1.23845895378774E-005,-0.0010468639,0.0336193515,-0.5292246093,4.9742307622,1.2373557881258E-005,-0.0010462848,0.0336159995,-0.5292173873,4.9526538204,7.51484518456592E-006,-0.000634136,0.0203069844,-0.3178660843,2.9266541479,7.50568890957174E-006,-0.0006336553,0.0203042022,-0.31786009,2.9087452862
ETS,House5,E,0.000025745,-0.0021406289,0.0666669542,-0.9821736099,7.6414354495,2.55835342267772E-005,-0.0021280776,0.0663235186,-0.9780522655,7.5975012094,0.000015739,-0.0013064039,0.0405688875,-0.5944092572,4.5432689103,0.000015605,-0.0012959864,0.0402838359,-0.5909885414,4.506803491
ETS,House5,T,1.37575809155247E-005,-0.0011571181,0.0369020625,-0.5766675738,5.4289771178,1.36857634860313E-005,-0.0011512541,0.0367124929,-0.5723199881,5.2948581015,8.44068113992397E-006,-0.0007085629,0.0225250832,-0.3499969527,3.2385467566,8.38107267344453E-006,-0.0007036958,0.0223677405,-0.3463884566,3.127227973
ETS,House5,NOTE,9.36026471618965E-005,-0.0073980901,0.2124728425,-2.723116952,16.0805640155,9.36350982243436E-005,-0.0074001138,0.2124931652,-2.7208693566,15.9488224094,5.81115396494543E-005,-0.0045904782,0.1317135378,-1.6847618255,9.8582092603,5.81384740312855E-005,-0.0045921579,0.1317304057,-1.6828963212,9.7488637272
ETS,House6,TE,9.33823187979971E-006,-0.0008088485,0.0272629127,-0.478691518,6.3614412776,9.879141744227E-006,-0.0008482586,0.0282912762,-0.4925099268,6.6693561874,5.20764821096255E-006,-0.0004561764,0.0156364751,-0.2808807612,3.6833149326,5.65660339843713E-006,-0.0004888868,0.0164900168,-0.2923500405,3.9388843077
ETS,House6,E,4.39423756278977E-005,-0.0035664962,0.1068253308,-1.484760541,11.7309546427,4.56153584010014E-005,-0.0036993907,0.1107135421,-1.5383005144,12.287539066,0.000023842,-0.0019497493,0.0591043816,-0.8386193827,6.7419561022,2.52305422222947E-005,-0.0020600517,0.062331597,-0.8830575607,7.2039211735
ETS,House6,T,1.22336946286987E-005,-0.0010602416,0.0355961243,-0.6128473289,7.5189018954,1.26339496293503E-005,-0.0010904797,0.0364106015,-0.6226659465,7.6810810877,7.16347029667898E-006,-0.0006237504,0.0210954758,-0.3670585414,4.427154368,7.49568194721984E-006,-0.000648848,0.0217714919,-0.375207994,4.5617630977
ETS,House6,NOTE,8.08926612241486E-005,-0.0064293902,0.1870874153,-2.490384458,17.4349507889,8.16865065838885E-005,-0.0064931598,0.1889620271,-2.5155455837,17.7220162323,4.86014077134142E-005,-0.0038673838,0.1127508867,-1.504473818,10.3698681053,4.92602993619983E-005,-0.0039203125,0.1143068144,-1.5253575524,10.6081324233
ETS,House7,TE,1.51699420100975E-005,-0.001286526,0.0418079569,-0.6870883385,8.010521446,1.54626615722313E-005,-0.0013137878,0.0428445981,-0.7100790256,8.5987594534,0.000009048,-0.0007671048,0.0249005217,-0.4072507151,4.5536993096,0.000009291,-0.0007897321,0.0257609339,-0.4263329854,5.0419368557
ETS,House7,E,6.20821950937932E-005,-0.005083295,0.154322814,-2.1749864187,16.2012318492,6.36241322513337E-005,-0.0052155213,0.1586764521,-2.2471655836,17.1335485342,3.54425225445875E-005,-0.0029122212,0.0888427057,-1.25967931,9.2852591344,3.6722330385346E-005,-0.003021969,0.0924562253,-1.3195880168,10.059081983
ETS,House7,T,1.67471628108338E-005,-0.0014221899,0.0464657035,-0.7723744259,8.9114281108,1.65768044957394E-005,-0.0014135722,0.0465436881,-0.7852236421,9.4284173695,0.000010406,-0.0008805421,0.02856901,-0.4681158044,5.1430062679,1.02646296553334E-005,-0.0008733894,0.0286337372,-0.4787806539,5.5721073526
ETS,House7,NOTE,0.0001057047,-0.0084288229,0.2458304939,-3.2475439618,21.2133351698,0.0001077446,-0.008597237,0.2511545803,-3.3320319045,22.177729365,6.28458411575203E-005,-0.0050132821,0.1462332271,-1.929451486,12.3912576951,0.000064539,-0.0051530657,0.1506522188,-1.9995764784,13.1917048772
OUTPM2_5,Flat1,TE,-3.45391112392722E-007,0.000039164,-0.0022988551,0.1189184471,4.997307389,-3.45391112392701E-007,0.000039164,-0.0022988551,0.1189184471,4.997307389,-2.15869445245417E-007,2.44775278405867E-005,-0.0014367844,0.0743240294,3.1233171181,-2.15869445245417E-007,2.44775278405867E-005,-0.0014367844,0.0743240294,3.1233171181
OUTPM2_5,Flat1,E,-5.27897015749576E-007,5.93638773026493E-005,-0.0034559039,0.1670305637,3.5648030416,-5.27897015749565E-007,5.93638773026484E-005,-0.0034559039,0.1670305637,3.5648030416,-3.29935634843449E-007,3.71024233141535E-005,-0.0021599399,0.1043941023,2.228001901,-3.29935634843486E-007,3.71024233141565E-005,-0.0021599399,0.1043941023,2.228001901
OUTPM2_5,Flat1,T,-1.13668660431148E-006,0.0001126056,-0.0052319876,0.1927447005,3.7222230293,-1.13668660431144E-006,0.0001126056,-0.0052319876,0.1927447005,3.7222230293,-7.10429127694585E-007,7.03785228973859E-005,-0.0032699923,0.1204654378,2.3263893933,-7.10429127694615E-007,7.03785228973873E-005,-0.0032699923,0.1204654378,2.3263893933
OUTPM2_5,Flat1,NOTE,-9.76330803583762E-007,0.0001185213,-0.0067941347,0.2740443191,1.5985778435,-9.76330803583767E-007,0.0001185213,-0.0067941347,0.2740443191,1.5985778435,-6.10206752239889E-007,7.40758232098075E-005,-0.0042463342,0.1712776994,0.9991111522,-6.10206752239866E-007,7.40758232098058E-005,-0.0042463342,0.1712776994,0.9991111522
OUTPM2_5,Flat2,TE,-2.50268007552329E-007,2.77362042074037E-005,-0.0017588185,0.100307491,5.4550140499,-2.50268007552228E-007,2.77362042073995E-005,-0.0017588185,0.100307491,5.4550140499,-1.56417504720229E-007,1.73351276296295E-005,-0.0010992616,0.0626921819,3.4093837812,-1.56417504720143E-007,1.7335127629624E-005,-0.0010992616,0.0626921819,3.4093837812
OUTPM2_5,Flat2,E,-3.58278234814604E-007,4.45457536545008E-005,-0.0028557642,0.1435351298,4.318300945,-3.58278234814666E-007,4.45457536545054E-005,-0.0028557642,0.1435351298,4.318300945,-2.23923896759125E-007,2.78410960340632E-005,-0.0017848527,0.0897094562,2.6989380906,-2.23923896759134E-007,2.78410960340637E-005,-0.0017848527,0.0897094562,2.6989380906
OUTPM2_5,Flat2,T,-3.18384249970391E-007,0.000034273,-0.0021444663,0.1212869881,4.5859808854,-3.18384249970386E-007,0.000034273,-0.0021444663,0.1212869881,4.5859808854,-0.000000199,2.14206453889086E-005,-0.0013402914,0.0758043675,2.8662380534,-0.000000199,2.14206453889069E-005,-0.0013402914,0.0758043675,2.8662380534
OUTPM2_5,Flat2,NOTE,-3.58278234814604E-007,4.45457536545008E-005,-0.0028557642,0.1435351298,4.318300945,-3.58278234814666E-007,4.45457536545054E-005,-0.0028557642,0.1435351298,4.318300945,-2.23923896759125E-007,2.78410960340632E-005,-0.0017848527,0.0897094562,2.6989380906,-2.23923896759134E-007,2.78410960340637E-005,-0.0017848527,0.0897094562,2.6989380906
OUTPM2_5,Flat3,TE,1.05091824280056E-006,-7.90179277517902E-005,0.0016060737,0.0501754034,3.8882469786,1.05091824280056E-006,-7.90179277517902E-005,0.0016060737,0.0501754034,3.8882469786,6.56823901750368E-007,-4.93862048448722E-005,0.0010037961,0.0313596272,2.4301543616,6.56823901750281E-007,-4.93862048448657E-005,0.0010037961,0.0313596272,2.4301543616
OUTPM2_5,Flat3,E,-1.44304394167245E-007,1.75316218733043E-005,-0.0011412345,0.0791349089,3.5493886529,-1.44304394167317E-007,1.75316218733081E-005,-0.0011412345,0.0791349089,3.5493886529,-9.01902463545844E-008,1.09572636708188E-005,-0.0007132716,0.049459318,2.2183679081,-9.01902463545526E-008,1.09572636708165E-005,-0.0007132716,0.049459318,2.2183679081
OUTPM2_5,Flat3,T,0.000000815,-5.36127455794286E-005,0.0004119728,0.0927448652,2.3780735478,0.000000815,-5.36127455794302E-005,0.0004119728,0.0927448652,2.3780735478,5.09378514897757E-007,-0.000033508,0.000257483,0.0579655408,1.4862959674,5.09378514897767E-007,-0.000033508,0.000257483,0.0579655408,1.4862959674
OUTPM2_5,Flat3,NOTE,-3.17343812699484E-007,3.27756398470736E-005,-0.001783064,0.1083027298,2.1018251419,-3.17343812699455E-007,3.27756398470716E-005,-0.001783064,0.1083027298,2.1018251419,-1.98339882937154E-007,2.04847749044185E-005,-0.001114415,0.0676892061,1.3136407137,-1.9833988293719E-007,2.04847749044212E-005,-0.001114415,0.0676892061,1.3136407137
OUTPM2_5,House1,TE,-3.79681486678392E-006,0.0003692428,-0.0147886927,0.3448472234,4.8448349536,-3.79681486678379E-006,0.0003692428,-0.0147886927,0.3448472234,4.8448349536,-0.000002373,0.0002307768,-0.0092429329,0.2155295146,3.028021846,-0.000002373,0.0002307768,-0.0092429329,0.2155295146,3.028021846
OUTPM2_5,House1,E,-5.14918018312159E-006,0.0005193652,-0.0215426349,0.5028050098,2.760223513,-5.14918018312151E-006,0.0005193652,-0.0215426349,0.5028050098,2.760223513,-3.21823761445083E-006,0.0003246033,-0.0134641468,0.3142531311,1.7251396956,-3.2182376144509E-006,0.0003246033,-0.0134641468,0.3142531311,1.7251396956
OUTPM2_5,House1,T,-4.86292291073542E-006,0.0004574848,-0.0175448643,0.3867001374,4.4912341799,-4.86292291073536E-006,0.0004574848,-0.0175448643,0.3867001374,4.4912341799,-3.03932681920968E-006,0.000285928,-0.0109655402,0.2416875859,2.8070213624,-3.03932681920964E-006,0.000285928,-0.0109655402,0.2416875859,2.8070213624
OUTPM2_5,House1,NOTE,-8.61665999130973E-006,0.0008056397,-0.0302954662,0.6255397017,1.9897848986,-8.61665999130981E-006,0.0008056397,-0.0302954662,0.6255397017,1.9897848986,-5.38541249456853E-006,0.0005035248,-0.0189346664,0.3909623135,1.2436155616,-5.38541249456863E-006,0.0005035248,-0.0189346664,0.3909623135,1.2436155616
OUTPM2_5,House2,TE,-3.85648538147734E-006,0.0003596278,-0.0135841481,0.3001439239,4.4393291385,-3.85648538147736E-006,0.0003596278,-0.0135841481,0.3001439239,4.4393291385,-2.41030336342334E-006,0.0002247674,-0.0084900925,0.1875899524,2.7745807116,-2.41030336342347E-006,0.0002247674,-0.0084900925,0.1875899524,2.7745807116
OUTPM2_5,House2,E,-5.40505797335984E-006,0.0005029856,-0.0189121056,0.4080199855,2.8574736752,-5.40505797335987E-006,0.0005029856,-0.0189121056,0.4080199855,2.8574736752,-3.37816123334988E-006,0.000314366,-0.011820066,0.2550124909,1.785921047,-3.37816123334987E-006,0.000314366,-0.011820066,0.2550124909,1.785921047
OUTPM2_5,House2,T,-5.94216634286299E-006,0.0005307094,-0.0188471567,0.3776607635,3.830647009,-5.94216634286293E-006,0.0005307094,-0.0188471567,0.3776607635,3.830647009,-3.71385396428939E-006,0.0003316934,-0.0117794729,0.2360379772,2.3941543806,-3.71385396428939E-006,0.0003316934,-0.0117794729,0.2360379772,2.3941543806
OUTPM2_5,House2,NOTE,-8.64338181159314E-006,0.0007711663,-0.027240717,0.5308126653,1.9496406878,-8.64338181159323E-006,0.0007711663,-0.027240717,0.5308126653,1.9496406878,-5.4021136322458E-006,0.0004819789,-0.0170254481,0.3317579158,1.2185254299,-5.40211363224579E-006,0.0004819789,-0.0170254481,0.3317579158,1.2185254299
OUTPM2_5,House3,TE,-0.000004308,0.0004154721,-0.0165751735,0.3866076697,4.8186723686,-0.000004308,0.0004154721,-0.0165751735,0.3866076697,4.8186723686,-2.69248948068024E-006,0.0002596701,-0.0103594834,0.2416297936,3.0116702303,-2.69248948068027E-006,0.0002596701,-0.0103594834,0.2416297936,3.0116702303
OUTPM2_5,House3,E,-6.28445394105697E-006,0.0006073502,-0.0240778741,0.5392851563,3.1489365743,-6.28445394105702E-006,0.0006073502,-0.0240778741,0.5392851563,3.1489365743,-3.92778371316052E-006,0.0003795939,-0.0150486713,0.3370532227,1.9680853589,-3.92778371316053E-006,0.0003795939,-0.0150486713,0.3370532227,1.9680853589
OUTPM2_5,House3,T,-6.12664513032097E-006,0.0005685717,-0.0214548741,0.4612863014,4.2680427306,-6.12664513032099E-006,0.0005685717,-0.0214548741,0.4612863014,4.2680427306,-3.82915320645065E-006,0.0003553573,-0.0134092963,0.2883039384,2.6675267066,-3.82915320645073E-006,0.0003553573,-0.0134092963,0.2883039384,2.6675267066
OUTPM2_5,House3,NOTE,-1.06947583401687E-005,0.000982825,-0.0360834673,0.7191322335,1.8614128844,-1.06947583401688E-005,0.000982825,-0.0360834673,0.7191322335,1.8614128844,-6.68422396260539E-006,0.0006142656,-0.0225521671,0.4494576459,1.1633830528,-6.68422396260544E-006,0.0006142656,-0.0225521671,0.4494576459,1.1633830528
OUTPM2_5,House4,TE,-6.54106213685228E-006,0.0005900572,-0.0211347868,0.4139121558,4.8800927662,-6.54106213685221E-006,0.0005900572,-0.0211347868,0.4139121558,4.8800927662,-4.08816383553265E-006,0.0003687858,-0.0132092417,0.2586950974,3.0500579789,-4.08816383553272E-006,0.0003687858,-0.0132092417,0.2586950974,3.0500579789
OUTPM2_5,House4,E,-1.18008604381949E-005,0.0010646718,-0.0376257513,0.6932574462,2.4129058983,-1.18008604381948E-005,0.0010646718,-0.0376257513,0.6932574462,2.4129058983,-7.37553777387178E-006,0.0006654199,-0.0235160946,0.4332859039,1.5080661865,-7.37553777387184E-006,0.0006654199,-0.0235160946,0.4332859039,1.5080661865
OUTPM2_5,House4,T,-6.94705136014516E-006,0.0006211063,-0.0220239554,0.427950704,4.6686306564,-6.94705136014516E-006,0.0006211063,-0.0220239554,0.427950704,4.6686306564,-4.3419071000908E-006,0.0003881914,-0.0137649721,0.26746919,2.9178941603,-4.3419071000908E-006,0.0003881914,-0.0137649721,0.26746919,2.9178941603
OUTPM2_5,House4,NOTE,-1.41451225693703E-005,0.0012411682,-0.0423013913,0.746674347,2.0838336248,-1.41451225693704E-005,0.0012411682,-0.0423013913,0.746674347,2.0838336248,-8.8407016058565E-006,0.0007757301,-0.0264383696,0.4666714669,1.3023960155,-8.8407016058565E-006,0.0007757301,-0.0264383696,0.4666714669,1.3023960155
OUTPM2_5,House5,TE,-4.50981380698344E-006,0.0004181199,-0.0158737268,0.34865166,6.3057228635,-4.50981380698333E-006,0.0004181199,-0.0158737268,0.34865166,6.3057228635,-2.8186336293646E-006,0.000261325,-0.0099210793,0.2179072875,3.9410767897,-2.81863362936455E-006,0.000261325,-0.0099210793,0.2179072875,3.9410767897
OUTPM2_5,House5,E,-6.15757547994656E-006,0.0005721102,-0.0216574184,0.4637925521,5.007543048,-6.15757547994683E-006,0.0005721102,-0.0216574184,0.4637925521,5.007543048,-3.84848467496664E-006,0.0003575689,-0.0135358865,0.289870345,3.129714405,-3.84848467496663E-006,0.0003575689,-0.0135358865,0.289870345,3.129714405
OUTPM2_5,House5,T,-0.000005352,0.0004914797,-0.018335564,0.3898018325,5.9381559414,-0.000005352,0.0004914797,-0.018335564,0.3898018325,5.9381559414,-0.000003345,0.0003071748,-0.0114597275,0.2436261453,3.7113474634,-0.000003345,0.0003071748,-0.0114597275,0.2436261453,3.7113474634
OUTPM2_5,House5,NOTE,-1.24647125328344E-005,0.0011074672,-0.0390510002,0.7472777217,2.2293568219,-1.24647125328344E-005,0.0011074672,-0.0390510002,0.7472777217,2.2293568219,-7.79044533302153E-006,0.000692167,-0.0244068752,0.4670485761,1.3933480137,-7.79044533302147E-006,0.000692167,-0.0244068752,0.4670485761,1.3933480137
OUTPM2_5,House6,TE,-0.000002018,0.000206957,-0.0091068683,0.2578610733,4.2649358288,-0.000002018,0.000206957,-0.0091068683,0.2578610733,4.2649358288,-1.26125512331337E-006,0.0001293481,-0.0056917927,0.1611631708,2.665584893,-1.2612551233134E-006,0.0001293481,-0.0056917927,0.1611631708,2.665584893
OUTPM2_5,House6,E,-5.30835654477329E-006,0.0004921143,-0.0184683008,0.4082564058,2.6534337827,-5.30835654477327E-006,0.0004921143,-0.0184683008,0.4082564058,2.6534337827,-3.31772284048333E-006,0.0003075714,-0.011542688,0.2551602536,1.6583961142,-3.31772284048342E-006,0.0003075714,-0.011542688,0.2551602536,1.6583961142
OUTPM2_5,House6,T,-2.78846345167282E-006,0.0002695162,-0.0110519578,0.2896620416,3.9018814092,-2.78846345167277E-006,0.0002695162,-0.0110519578,0.2896620416,3.9018814092,-1.7427896572955E-006,0.0001684476,-0.0069074736,0.181038776,2.4386758808,-1.74278965729553E-006,0.0001684476,-0.0069074736,0.181038776,2.4386758808
OUTPM2_5,House6,NOTE,-7.15472138515587E-006,0.000609676,-0.0207393143,0.4289644703,2.0158893169,-7.15472138515581E-006,0.000609676,-0.0207393143,0.4289644703,2.0158893169,-4.47170086572244E-006,0.0003810475,-0.0129620714,0.2681027939,1.2599308231,-4.47170086572244E-006,0.0003810475,-0.0129620714,0.2681027939,1.2599308231
OUTPM2_5,House7,TE,-4.0784465869299E-006,0.0003866107,-0.0151203929,0.3444914308,6.0416956833,-4.07844658693016E-006,0.0003866107,-0.0151203929,0.3444914308,6.0416956833,-0.000002549,0.0002416317,-0.0094502456,0.2153071442,3.776059802,-0.000002549,0.0002416317,-0.0094502456,0.2153071442,3.776059802
OUTPM2_5,House7,E,-8.68948319477708E-006,0.0008036428,-0.0299360148,0.611135564,3.5224501527,-8.68948319477709E-006,0.0008036428,-0.0299360148,0.611135564,3.5224501527,-5.43092699673579E-006,0.0005022768,-0.0187100093,0.3819597275,2.2015313455,-5.43092699673579E-006,0.0005022768,-0.0187100093,0.3819597275,2.2015313455
OUTPM2_5,House7,T,-0.000006265,0.0005669566,-0.0206870407,0.4259057515,5.4555741577,-0.000006265,0.0005669566,-0.0206870407,0.4259057515,5.4555741577,-3.91564663625719E-006,0.0003543479,-0.0129294005,0.2661910947,3.4097338485,-3.91564663625707E-006,0.0003543479,-0.0129294005,0.2661910947,3.4097338485
OUTPM2_5,House7,NOTE,-1.41823994606306E-005,0.0012574738,-0.0438465183,0.8068438884,2.3005840483,-1.41823994606307E-005,0.0012574738,-0.0438465183,0.8068438884,2.3005840483,-0.000008864,0.0007859211,-0.0274040739,0.5042774302,1.4378650302,-0.000008864,0.0007859211,-0.0274040739,0.5042774302,1.4378650302
Radon,Flat1,TE,1.2711492880453E-005,-0.0013297846,0.0627191235,-1.9771224538,56.5325697783,1.27027949961577E-005,-0.0013293365,0.0627483814,-1.9820833774,57.1423913113,0.000007744,-0.0008148457,0.0386965792,-1.2271161073,35.1158650171,7.73682871899839E-006,-0.0008144738,0.0387208632,-1.2312336739,35.6220168895
Radon,Flat1,E,5.97507618293039E-005,-0.0055421522,0.2135424804,-4.8849012285,89.8009757925,6.07667421091771E-005,-0.0056324871,0.2167073459,-4.9444630724,90.9133753863,3.70309166297593E-005,-0.0034330298,0.1322093502,-3.0252726819,55.700747453,3.78741802620546E-005,-0.0035080078,0.1348361885,-3.0747090123,56.6240391158
Radon,Flat1,T,0.0001409607,-0.0122555729,0.4182860016,-7.6331742289,100.9837244307,0.0001424166,-0.0123764469,0.4220993456,-7.6936067788,101.7980507051,8.71458672706324E-005,-0.0075820379,0.2590568058,-4.735187687,62.7530088028,8.83541956397931E-005,-0.0076823633,0.2622218813,-4.7853467035,63.4288996106
Radon,Flat1,NOTE,0.0018970208,-0.1507410036,4.3714860377,-57.2438154773,357.8609044895,0.0019129315,-0.1520036778,4.407957642,-57.7136418621,360.7428401439,0.0011809725,-0.0938392842,2.7211404584,-35.627851153,222.6908464479,0.0011941784,-0.0948873039,2.7514118899,-36.0178070524,225.0828530411
Radon,Flat2,TE,7.2004873014433E-006,-0.0007498962,0.037258352,-1.3405080365,47.5667017004,0.000007403,-0.0007650077,0.0377008898,-1.3502467964,47.0963249897,0.000004614,-0.0004816204,0.0238429938,-0.844489491,29.4191731148,4.78212366345136E-006,-0.0004941629,0.0242103001,-0.8525726618,29.028760445
Radon,Flat2,E,1.9612176185162E-005,-0.0020055234,0.0901252854,-2.5907460152,65.3725288106,2.0361245543935E-005,-0.0020638868,0.0918328001,-2.6181101916,65.0508893733,1.3356177978476E-005,-0.0013499032,0.0595697584,-1.6655336207,40.7124719583,1.39779055462568E-005,-0.0013983448,0.0609869957,-1.6882458871,40.4455112253
Radon,Flat2,T,0.000023647,-0.0022951535,0.0980520336,-2.7206658555,67.1619998908,2.36760974909254E-005,-0.0022955805,0.0979678733,-2.7189092982,66.3812058984,0.000014934,-0.0014502839,0.0618854402,-1.7060660891,41.628136403,1.49581469078876E-005,-0.0014506383,0.0618155871,-1.7046081466,40.9800773893
Radon,Flat2,NOTE,1.9612176185162E-005,-0.0020055234,0.0901252854,-2.5907460152,65.3725288106,2.0361245543935E-005,-0.0020638868,0.0918328001,-2.6181101916,65.0508893733,1.3356177978476E-005,-0.0013499032,0.0595697584,-1.6655336207,40.7124719583,1.39779055462568E-005,-0.0013983448,0.0609869957,-1.6882458871,40.4455112253
Radon,Flat3,TE,-2.77158072384302E-005,0.0019875408,-0.0330536417,-1.1217521994,84.0596848741,-2.80314993238008E-005,0.0020128183,-0.0337740483,-1.1140339585,84.6440461146,-1.60165119772884E-005,0.0011412093,-0.0178206861,-0.7387490033,52.6828192811,-1.62785364081465E-005,0.0011621897,-0.0184186235,-0.7323428634,53.1678391108
Radon,Flat3,E,7.76132697717667E-006,-0.0008607014,0.0485721309,-2.1294064799,93.6735610317,7.98560400893002E-006,-0.0008819533,0.0494318247,-2.1496011342,94.5394416511,5.37222656385809E-006,-0.0005781532,0.0315151194,-1.3510118822,58.6950557313,5.55837650021223E-006,-0.0005957923,0.0322286653,-1.3677734453,59.4137366454
Radon,Flat3,T,6.19374504534012E-005,-0.0071133742,0.3404109734,-9.2189740674,180.5900405383,6.21547652698422E-005,-0.0071465218,0.3423454418,-9.2770392591,181.9555003687,4.02080625398324E-005,-0.0045596582,0.2159739072,-5.8069427078,113.142012617,4.03884338374784E-005,-0.0045871708,0.217579516,-5.855136817,114.2753442763
Radon,Flat3,NOTE,0.0001721589,-0.0156247953,0.5764816244,-12.2050824564,206.6134812433,0.0001738824,-0.0157787522,0.5819818554,-12.3124473104,208.3498914335,0.0001082786,-0.0098226971,0.362255088,-7.6680488028,129.5600458755,0.0001097092,-0.0099504814,0.3668202796,-7.7571616317,131.0012663333
Radon,House1,TE,6.21453073480097E-005,-0.0053626794,0.1781060738,-2.9906233568,34.0893087886,6.255556216723E-005,-0.0054010246,0.1794972065,-3.0157559915,34.5952271393,3.71424670260104E-005,-0.0032100116,0.1069172858,-1.8063200248,20.6269385151,0.000037483,-0.0032418381,0.1080719259,-1.8271801116,21.0468507462
Radon,House1,E,0.0002555519,-0.0210148012,0.6434035866,-9.234951681,70.7101738602,0.0002597193,-0.0213487096,0.653255116,-9.369263032,71.9386812921,0.0001488273,-0.0122781005,0.3778464257,-5.4712122402,42.3413837551,0.0001522862,-0.0125552445,0.3860231951,-5.5826906615,43.3610449236
Radon,House1,T,8.91847762752493E-005,-0.0075263204,0.2413761835,-3.821316611,38.9035136645,8.92236445666282E-005,-0.0075343506,0.2418529028,-3.8333172109,39.2668456317,0.000054711,-0.0046152677,0.1479823342,-2.344808096,23.7454087878,5.47432182854336E-005,-0.0046219328,0.1483780112,-2.3547685939,24.0469743205
Radon,House1,NOTE,0.0005360316,-0.0425657798,1.2315455503,-15.994605714,99.2145309287,0.000543348,-0.0431446449,1.2482344923,-16.2115901897,100.7776152936,0.0003254624,-0.02585119,0.7482748683,-9.7273797017,60.2812387251,0.0003315351,-0.026331648,0.7621266902,-9.9074768165,61.5785987479
Radon,House2,TE,7.30479202295563E-005,-0.0061399333,0.1962543987,-3.1469563646,38.0162935269,7.3195597982502E-005,-0.0061515951,0.1967208535,-3.162505941,38.8188791305,4.42334458212644E-005,-0.0037241561,0.1192765236,-1.9150224107,22.6517967045,0.000044356,-0.0037338354,0.1196636811,-1.9279285591,23.3179427554
Radon,House2,E,0.0001982506,-0.0162526399,0.4960789212,-7.181112412,63.2668193937,0.0002029493,-0.0166301611,0.5072567601,-7.3374825531,64.9630627081,0.0001143447,-0.0094025023,0.2884277409,-4.2105476275,37.2066238122,0.0001182447,-0.0097158449,0.2977053473,-4.3403348446,38.6145057632
Radon,House2,T,0.0001314371,-0.0107770339,0.3302062572,-4.8668944195,47.4904348569,0.0001310108,-0.0107477348,0.3297135895,-4.8743019727,48.1517974901,8.19498112483275E-005,-0.0067159028,0.2055256592,-3.0187347784,28.7368170173,8.15959319007392E-005,-0.0066915846,0.205116745,-3.0248830475,29.2857480028
Radon,House2,NOTE,0.0005286766,-0.0417485342,1.1978041081,-15.405514952,99.991669785,0.0005327505,-0.0420760602,1.207556905,-15.5442607465,101.4602063659,0.000324211,-0.0256013425,0.7344788582,-9.4418843048,60.6303532825,0.0003275923,-0.0258731891,0.7425736796,-9.5570433142,61.8492386446
Radon,House3,TE,6.12094583251657E-005,-0.0052838161,0.1759839963,-2.9767047348,32.7363215875,6.26114559185314E-005,-0.0054057932,0.180127622,-3.0513368743,33.8957923547,3.55606338656443E-005,-0.003081139,0.1032492001,-1.7642643593,19.4817124059,3.67242918681378E-005,-0.0031823801,0.1066884094,-1.8262090351,20.4440731427
Radon,House3,E,0.0001665103,-0.0139165328,0.4371949128,-6.5629633392,53.9673863114,0.0001681901,-0.0140493096,0.4410387431,-6.6178900989,54.8485171041,0.000094889,-0.0079775837,0.2529833787,-3.8563473901,32.225484584,9.62832017719388E-005,-0.0080877884,0.2561737578,-3.9019366007,32.9568231419
Radon,House3,T,9.79795591378335E-005,-0.0082321818,0.2623036666,-4.1033419873,38.8971722355,9.98703784385374E-005,-0.0083959459,0.2678006711,-4.1983061357,40.1414253046,5.88827003979196E-005,-0.0049487015,0.1577991779,-2.4732605317,23.345871205,6.04520804175035E-005,-0.0050846258,0.1623616916,-2.5520807749,24.3786012523
Radon,House3,NOTE,0.0004768729,-0.0378362091,1.0932991946,-14.1696755997,86.5006067694,0.0004805788,-0.0381278707,1.1016771708,-14.2814883385,87.6055105063,0.0002915259,-0.0231333812,0.6686660572,-8.6731644564,52.8065819881,0.0002946018,-0.0233754603,0.6756197774,-8.7659690296,53.7236520898
Radon,House4,TE,5.70363456411151E-005,-0.0048219674,0.1554113822,-2.4971902112,28.4153481487,5.68283039573284E-005,-0.004806087,0.1549944814,-2.4927698668,28.3646027716,3.38750986651649E-005,-0.0028668492,0.0925948873,-1.4951128295,17.0151143278,3.37024240676221E-005,-0.0028536685,0.0922488596,-1.4914439436,16.9729956648
Radon,House4,E,0.0002709218,-0.0216890414,0.6360704001,-8.4915908971,59.3540728991,0.000270401,-0.0216444078,0.6347081531,-8.4757542253,59.334030106,0.000163051,-0.0130623203,0.3834832866,-5.1283016756,35.7558839115,0.0001626188,-0.0130252744,0.3823526216,-5.115157238,35.7392483933
Radon,House4,T,8.05104289457411E-005,-0.00672865,0.2126107815,-3.289202254,33.7633329642,8.05053699360748E-005,-0.0067288243,0.2126112955,-3.2865101904,33.5261443799,4.8539872087142E-005,-0.0040579792,0.1283288774,-1.9900679841,20.3786990233,4.85356731091187E-005,-0.0040581239,0.128329304,-1.9878335713,20.1818324983
Radon,House4,NOTE,0.0004062091,-0.0321315194,0.9240957515,-11.8999396426,75.3697986214,0.0004061529,-0.0321245599,0.923878496,-11.8987744105,75.272516238,0.0002477892,-0.0195959797,0.5633861836,-7.2512176387,45.7055152693,0.0002477426,-0.0195902033,0.5632058615,-7.2502504961,45.6247708911
Radon,House5,TE,7.68097043734814E-005,-0.0065912266,0.2176673319,-3.6325137038,38.6175520394,0.000076959,-0.0066030594,0.217999188,-3.6366826127,38.771545965,4.72094512227643E-005,-0.0040507533,0.1337705935,-2.2336283621,23.774093115,4.73333464682393E-005,-0.0040605746,0.1340460341,-2.2370885564,23.9019080733
Radon,House5,E,0.0001470929,-0.0124327367,0.3990329469,-6.2560425969,55.9662806607,0.0001463645,-0.0123735362,0.3972424202,-6.2309576888,55.9266195176,9.14834607517127E-005,-0.0077290578,0.247909171,-3.8835192415,34.6841962829,9.08788828364345E-005,-0.0076799213,0.2464230339,-3.8626987679,34.6512775342
Radon,House5,T,9.71865428284845E-005,-0.0082508818,0.2675124009,-4.31399444,42.7256552966,9.72913673113046E-005,-0.0082587883,0.2676950044,-4.3144096863,42.7919871511,6.01417580882093E-005,-0.0051035702,0.1653672505,-2.6651180264,26.3759454972,6.02287624089501E-005,-0.0051101327,0.1655188113,-2.6654626809,26.4310009365
Radon,House5,NOTE,0.0008191332,-0.0647000644,1.8564916469,-23.7652301527,139.3119981603,0.0008208055,-0.064830422,1.8601288617,-23.8092783614,139.7139777828,0.0005110566,-0.0403649333,1.1581386775,-14.8229732345,86.7973232295,0.0005124446,-0.0404731301,1.1611575657,-14.8595332477,87.1309663162
Radon,House6,TE,2.48384083547893E-005,-0.0022325657,0.0792076608,-1.4890355413,19.9805049468,2.57150791087115E-005,-0.0023024104,0.0812196259,-1.5140499581,20.0992139183,1.38112327702606E-005,-0.0012568679,0.0454057266,-0.8756103062,11.9169287666,1.45388694960161E-005,-0.001314839,0.0470756577,-0.8963722721,12.015457213
Radon,House6,E,9.83261014797904E-005,-0.0081439738,0.2528618937,-3.7809246908,33.7735321604,9.84440548233029E-005,-0.0081577421,0.2534971756,-3.7948110815,33.9002551849,5.36727365518818E-005,-0.0044877004,0.1414426811,-2.1690508813,19.9867170265,5.37706378269971E-005,-0.004499128,0.1419699651,-2.1805765856,20.0918971368
Radon,House6,T,4.62447859025593E-005,-0.0039851728,0.1325277955,-2.241698141,24.9215589508,4.70698715703753E-005,-0.004048663,0.1342419746,-2.2590040014,24.8744615987,2.77228745819502E-005,-0.0023951229,0.079981825,-1.3618576714,15.0866782493,2.84076956862369E-005,-0.0024478199,0.0814045937,-1.3762215355,15.047587447
Radon,House6,NOTE,0.0002883517,-0.0228982816,0.6659143717,-8.8660510881,60.051348182,0.0002901843,-0.0230450493,0.6701829648,-8.9186781874,60.1967167398,0.0001769975,-0.0140642668,0.4093575418,-5.452786796,36.5641021693,0.0001785185,-0.014186084,0.412900474,-5.4964672884,36.6847580723
Radon,House7,TE,5.08300578607815E-005,-0.0044242208,0.1500970363,-2.6509317581,32.0951532472,4.99109127106471E-005,-0.0043465518,0.147620215,-2.6145698309,32.0703522241,3.05811235127984E-005,-0.0026707152,0.0910493982,-1.6181311106,19.4929203288,2.98182330381872E-005,-0.00260625,0.0889936365,-1.587950711,19.4723354797
Radon,House7,E,0.0002122273,-0.0175488098,0.5429519178,-7.9683661683,63.0350046528,0.0002155655,-0.0178201382,0.5511191817,-8.0828582175,64.0166311197,0.0001237588,-0.0102680848,0.3193880904,-4.7284525266,37.75028041,0.0001265295,-0.0104932874,0.3261669195,-4.8234809274,38.5650303775
Radon,House7,T,8.75067064977394E-005,-0.0073550771,0.2355881799,-3.7664256771,38.3486319685,8.6498721358056E-005,-0.0072708403,0.2328969143,-3.7239830382,38.1387485751,5.417194385572E-005,-0.0045549716,0.1459770744,-2.3346922206,23.5450319947,5.33353161897828E-005,-0.0044850552,0.143743324,-2.2994648304,23.3708287782
Radon,House7,NOTE,0.0005317405,-0.0421471247,1.2164343691,-15.7532771101,96.2605951134,0.0005367197,-0.0425419693,1.2278189948,-15.8985411391,97.1759743742,0.0003255408,-0.0258067707,0.7450001668,-9.6521230576,58.8378624932,0.0003296735,-0.0261344917,0.7544494062,-9.7726922017,59.5976272796
VPX,Flat1,TE,0.0002467621,-0.0247416777,1.068916014,-27.9350926599,601.9808407394,0.0002467621,-0.0247416777,1.068916014,-27.9350926599,601.9808407394,0.0001542263,-0.0154635486,0.6680725088,-17.4594329124,376.2380254622,0.0001542263,-0.0154635486,0.6680725088,-17.4594329124,376.2380254622
VPX,Flat1,E,0.0010381835,-0.0936921195,3.4348821863,-70.3033449423,1014.9818499844,0.0010381835,-0.0936921195,3.4348821863,-70.3033449423,1014.9818499844,0.0006488647,-0.0585575747,2.1468013664,-43.939590589,634.3636562402,0.0006488647,-0.0585575747,2.1468013664,-43.939590589,634.3636562402
VPX,Flat1,T,0.0037103149,-0.3170778416,10.4340293795,-172.9849009616,1705.9956076815,0.0037103149,-0.3170778416,10.4340293795,-172.9849009616,1705.9956076815,0.0023189468,-0.198173651,6.5212683622,-108.115563101,1066.2472548009,0.0023189468,-0.198173651,6.5212683622,-108.115563101,1066.2472548009
VPX,Flat1,NOTE,0.0409517503,-3.2426931455,93.3454810681,-1195.9936920531,6714.0913938627,0.0409517503,-3.2426931455,93.3454810681,-1195.9936920531,6714.0913938627,0.0255948439,-2.0266832159,58.3409256676,-747.4960575332,4196.3071211642,0.0255948439,-2.0266832159,58.3409256676,-747.4960575332,4196.3071211642
VPX,Flat2,TE,9.21907893407879E-005,-0.0087917153,0.4187539735,-15.08101243,481.8496313894,9.2190789340782E-005,-0.0087917153,0.4187539735,-15.08101243,481.8496313894,5.76192433379927E-005,-0.005494822,0.2617212334,-9.4256327687,301.1560196184,5.76192433379929E-005,-0.005494822,0.2617212334,-9.4256327687,301.1560196184
VPX,Flat2,E,0.0002884476,-0.0281013922,1.1609386653,-30.0406786293,663.289069454,0.0002884476,-0.0281013922,1.1609386653,-30.0406786293,663.289069454,0.0001802797,-0.0175633701,0.7255866658,-18.7754241433,414.5556684087,0.0001802797,-0.0175633701,0.7255866658,-18.7754241433,414.5556684087
VPX,Flat2,T,0.0003614216,-0.0336505366,1.3625135463,-34.9835101023,746.9165934911,0.0003614216,-0.0336505366,1.3625135463,-34.9835101023,746.9165934911,0.0002258885,-0.0210315854,0.8515709664,-21.8646938139,466.8228709319,0.0002258885,-0.0210315854,0.8515709664,-21.8646938139,466.8228709319
VPX,Flat2,NOTE,0.0002884476,-0.0281013922,1.1609386653,-30.0406786293,663.289069454,0.0002884476,-0.0281013922,1.1609386653,-30.0406786293,663.289069454,0.0001802797,-0.0175633701,0.7255866658,-18.7754241433,414.5556684087,0.0001802797,-0.0175633701,0.7255866658,-18.7754241433,414.5556684087
VPX,Flat3,TE,-0.0003155524,0.0197337089,-0.1491569795,-18.3253568483,824.3732934379,-0.0003155524,0.0197337089,-0.1491569795,-18.3253568483,824.3732934379,-0.0001972202,0.0123335681,-0.0932231122,-11.4533480302,515.2333083987,-0.0001972202,0.0123335681,-0.0932231122,-11.4533480302,515.2333083987
VPX,Flat3,E,0.0002225282,-0.0233562743,1.1085158053,-34.5580904048,962.3862418905,0.0002225282,-0.0233562743,1.1085158053,-34.5580904048,962.3862418905,0.0001390801,-0.0145976715,0.6928223783,-21.598806503,601.4914011815,0.0001390801,-0.0145976715,0.6928223783,-21.598806503,601.4914011815
VPX,Flat3,T,0.0020438263,-0.204499246,8.4000879556,-190.0406278039,2760.0080537114,0.0020438263,-0.204499246,8.4000879556,-190.0406278039,2760.0080537114,0.0012773914,-0.1278120288,5.2500549722,-118.7753923774,1725.0050335696,0.0012773914,-0.1278120288,5.2500549722,-118.7753923774,1725.0050335696
VPX,Flat3,NOTE,0.0040577382,-0.3626362436,12.8869260524,-246.7370782421,3188.762007162,0.0040577382,-0.3626362436,12.8869260524,-246.7370782421,3188.762007162,0.0025360864,-0.2266476522,8.0543287828,-154.2106739013,1992.9762544762,0.0025360864,-0.2266476522,8.0543287828,-154.2106739013,1992.9762544762
VPX,House1,TE,0.0010412632,-0.0863424271,2.6837331658,-39.6813320773,389.8407686078,0.0010412632,-0.0863424271,2.6837331658,-39.6813320773,389.8407686078,0.0006507895,-0.053964017,1.6773332286,-24.8008325483,243.6504803798,0.0006507895,-0.053964017,1.6773332286,-24.8008325483,243.6504803798
VPX,House1,E,0.0060424245,-0.4779160519,13.6977101701,-173.1845024516,1029.4564504068,0.0060424245,-0.4779160519,13.6977101701,-173.1845024516,1029.4564504068,0.0037765153,-0.2986975324,8.5610688563,-108.2403140323,643.4102815043,0.0037765153,-0.2986975324,8.5610688563,-108.2403140323,643.4102815043
VPX,House1,T,0.0015915671,-0.1305669294,3.9855740529,-56.7934103903,487.4099961862,0.0015915671,-0.1305669294,3.9855740529,-56.7934103903,487.4099961862,0.0009947294,-0.0816043309,2.490983783,-35.4958814939,304.6312476163,0.0009947294,-0.0816043309,2.490983783,-35.4958814939,304.6312476163
VPX,House1,NOTE,0.0109796328,-0.8549397621,23.9045482785,-289.3529195758,1513.3287321266,0.0109796328,-0.8549397621,23.9045482785,-289.3529195758,1513.3287321266,0.0068622705,-0.5343373513,14.9403426741,-180.8455747349,945.8304575791,0.0068622705,-0.5343373513,14.9403426741,-180.8455747349,945.8304575791
VPX,House2,TE,0.0009184811,-0.0753927383,2.3039917954,-33.0538813489,340.6610633307,0.0009184811,-0.0753927383,2.3039917954,-33.0538813489,340.6610633307,0.0005740507,-0.0471204614,1.4399948721,-20.658675843,212.9131645817,0.0005740507,-0.0471204614,1.4399948721,-20.658675843,212.9131645817
VPX,House2,E,0.0037849777,-0.3013815654,8.7331138356,-112.7481302038,743.2726020812,0.0037849777,-0.3013815654,8.7331138356,-112.7481302038,743.2726020812,0.0023656111,-0.1883634784,5.4581961473,-70.4675813774,464.5453763008,0.0023656111,-0.1883634784,5.4581961473,-70.4675813774,464.5453763008
VPX,House2,T,0.0017787611,-0.1431690907,4.2402427853,-57.5259356503,473.6567490199,0.0017787611,-0.1431690907,4.2402427853,-57.5259356503,473.6567490199,0.0011117257,-0.0894806817,2.6501517408,-35.9537097815,296.0354681374,0.0011117257,-0.0894806817,2.6501517408,-35.9537097815,296.0354681374
VPX,House2,NOTE,0.0092308848,-0.7187772973,20.088684357,-242.9392934573,1300.1923527665,0.0092308848,-0.7187772973,20.088684357,-242.9392934573,1300.1923527665,0.005769303,-0.4492358108,12.5554277231,-151.8370584108,812.620220479,0.005769303,-0.4492358108,12.5554277231,-151.8370584108,812.620220479
VPX,House3,TE,0.0010214112,-0.0833301887,2.5224527388,-35.7856355645,322.5001811265,0.0010214112,-0.0833301887,2.5224527388,-35.7856355645,322.5001811265,0.000638382,-0.0520813679,1.5765329618,-22.3660222278,201.5626132041,0.000638382,-0.0520813679,1.5765329618,-22.3660222278,201.5626132041
VPX,House3,E,0.0042526488,-0.3339417531,9.458927165,-117.274232414,680.1909011695,0.0042526488,-0.3339417531,9.458927165,-117.274232414,680.1909011695,0.0026579055,-0.2087135957,5.9118294781,-73.2963952587,425.119313231,0.0026579055,-0.2087135957,5.9118294781,-73.2963952587,425.119313231
VPX,House3,T,0.0018188907,-0.1477686724,4.4339892674,-61.2439771122,463.3648992986,0.0018188907,-0.1477686724,4.4339892674,-61.2439771122,463.3648992986,0.0011368067,-0.0923554203,2.7712432921,-38.2774856951,289.6030620616,0.0011368067,-0.0923554203,2.7712432921,-38.2774856951,289.6030620616
VPX,House3,NOTE,0.0115495261,-0.8918479877,24.587154289,-289.7174623483,1398.1003676687,0.0115495261,-0.8918479877,24.587154289,-289.7174623483,1398.1003676687,0.0072184538,-0.5574049923,15.3669714306,-181.0734139677,873.8127297929,0.0072184538,-0.5574049923,15.3669714306,-181.0734139677,873.8127297929
VPX,House4,TE,0.0009673849,-0.0788730563,2.3909212722,-34.2932267711,351.7625683444,0.0009673849,-0.0788730563,2.3909212722,-34.2932267711,351.7625683444,0.0006046156,-0.0492956602,1.4943257951,-21.4332667319,219.8516052152,0.0006046156,-0.0492956602,1.4943257951,-21.4332667319,219.8516052152
VPX,House4,E,0.0067038088,-0.5192648989,14.3917100435,-172.0127423073,944.5105575221,0.0067038088,-0.5192648989,14.3917100435,-172.0127423073,944.5105575221,0.0041898805,-0.3245405618,8.9948187772,-107.5079639421,590.3190984513,0.0041898805,-0.3245405618,8.9948187772,-107.5079639421,590.3190984513
VPX,House4,T,0.0015039431,-0.1222365219,3.6941274701,-52.9768490783,502.7990138372,0.0015039431,-0.1222365219,3.6941274701,-52.9768490783,502.7990138372,0.0009399645,-0.0763978262,2.3088296688,-33.1105306739,314.2493836483,0.0009399645,-0.0763978262,2.3088296688,-33.1105306739,314.2493836483
VPX,House4,NOTE,0.0081671605,-0.6324741895,17.5309284121,-210.0623788635,1153.5675571604,0.0081671605,-0.6324741895,17.5309284121,-210.0623788635,1153.5675571604,0.0051044753,-0.3952963684,10.9568302576,-131.2889867897,720.9797232252,0.0051044753,-0.3952963684,10.9568302576,-131.2889867897,720.9797232252
VPX,House5,TE,0.0004545948,-0.0377430257,1.1757628123,-17.5163017119,171.845744668,0.0004545948,-0.0377430257,1.1757628123,-17.5163017119,171.845744668,0.0002841218,-0.0235893911,0.7348517577,-10.9476885699,107.4035904175,0.0002841218,-0.0235893911,0.7348517577,-10.9476885699,107.4035904175
VPX,House5,E,0.0010125924,-0.0826692359,2.4978589196,-34.8507348468,265.8457224495,0.0010125924,-0.0826692359,2.4978589196,-34.8507348468,265.8457224495,0.0006328703,-0.0516682724,1.5611618247,-21.7817092793,166.1535765309,0.0006328703,-0.0516682724,1.5611618247,-21.7817092793,166.1535765309
VPX,House5,T,0.0009024449,-0.0743083444,2.2846476495,-33.2003260614,278.9910429282,0.0009024449,-0.0743083444,2.2846476495,-33.2003260614,278.9910429282,0.0005640281,-0.0464427152,1.4279047809,-20.7502037884,174.3694018301,0.0005640281,-0.0464427152,1.4279047809,-20.7502037884,174.3694018301
VPX,House5,NOTE,0.0091726567,-0.7166329994,20.1535516275,-246.7809916525,1281.5349461468,0.0091726567,-0.7166329994,20.1535516275,-246.7809916525,1281.5349461468,0.0057329105,-0.4478956246,12.5959697672,-154.2381197828,800.9593413417,0.0057329105,-0.4478956246,12.5959697672,-154.2381197828,800.9593413417
VPX,House6,TE,0.0005877693,-0.0499279044,1.6177308256,-26.110707871,317.7538992603,0.0005877693,-0.0499279044,1.6177308256,-26.110707871,317.7538992603,0.0003673558,-0.0312049403,1.011081766,-16.3191924194,198.5961870377,0.0003673558,-0.0312049403,1.011081766,-16.3191924194,198.5961870377
VPX,House6,E,0.0035695546,-0.2786340395,7.8307139929,-97.057367622,631.0371922069,0.0035695546,-0.2786340395,7.8307139929,-97.057367622,631.0371922069,0.0022309716,-0.1741462747,4.8941962456,-60.6608547638,394.3982451293,0.0022309716,-0.1741462747,4.8941962456,-60.6608547638,394.3982451293
VPX,House6,T,0.0011358096,-0.0980479039,3.2329192806,-52.3086486299,525.7630048119,0.0011358096,-0.0980479039,3.2329192806,-52.3086486299,525.7630048119,0.000709881,-0.0612799399,2.0205745504,-32.6929053937,328.6018780075,0.000709881,-0.0612799399,2.0205745504,-32.6929053937,328.6018780075
VPX,House6,NOTE,0.0061233556,-0.4834293565,13.9311139882,-182.4691232651,1212.2597458791,0.0061233556,-0.4834293565,13.9311139882,-182.4691232651,1212.2597458791,0.0038270972,-0.3021433478,8.7069462426,-114.0432020407,757.6623411744,0.0038270972,-0.3021433478,8.7069462426,-114.0432020407,757.6623411744
VPX,House7,TE,0.0007685773,-0.0642924759,2.0356526238,-31.5922562363,351.5043026855,0.0007685773,-0.0642924759,2.0356526238,-31.5922562363,351.5043026855,0.0004803608,-0.0401827974,1.2722828899,-19.7451601477,219.6901891784,0.0004803608,-0.0401827974,1.2722828899,-19.7451601477,219.6901891784
VPX,House7,E,0.0037576812,-0.3004217272,8.7793850082,-115.6052076899,768.5834791271,0.0037576812,-0.3004217272,8.7793850082,-115.6052076899,768.5834791271,0.0023485508,-0.1877635795,5.4871156301,-72.2532548062,480.3646744544,0.0023485508,-0.1877635795,5.4871156301,-72.2532548062,480.3646744544
VPX,House7,T,0.0015034102,-0.1235868487,3.7960794601,-55.2844657865,487.7411869606,0.0015034102,-0.1235868487,3.7960794601,-55.2844657865,487.7411869606,0.0009396314,-0.0772417804,2.3725496626,-34.5527911165,304.8382418504,0.0009396314,-0.0772417804,2.3725496626,-34.5527911165,304.8382418504
VPX,House7,NOTE,0.0109923076,-0.8567834973,24.0028577206,-291.8378747629,1524.2098070687,0.0109923076,-0.8567834973,24.0028577206,-291.8378747629,1524.2098070687,0.0068701922,-0.5354896858,15.0017860754,-182.3986717268,952.6311294179,0.0068701922,-0.5354896858,15.0017860754,-182.3986717268,952.6311294179
